51.6000,-3505.5054,1.7989,-16544.4520,6.1901
51.6500,-3505.5238,2.0506,-16544.3971,5.1663
51.7000,-3505.5343,2.2784,-16544.3271,4.7713
51.7500,-3505.5344,2.4805,-16544.2430,4.3762
51.8000,-3505.5226,2.6554,-16544.1457,4.0103
51.8500,-3505.4981,2.8014,-16544.0361,3.6843
51.9000,-3505.4604,2.9164,-16543.9151,3.4230
51.9500,-3505.4094,2.9985,-16543.7841,3.2564
52.0000,-3505.3449,3.0461,-16543.6446,3.2166
52.0500,-3505.2671,3.0575,-16543.4983,3.3217
52.1000,-3505.1762,3.0315,-16543.3470,3.5684
52.1500,-3505.0189,3.0219,-16543.1815,4.5714
52.2000,-3504.8212,2.9816,-16543.0137,5.2478
52.2500,-3504.6037,2.9157,-16542.7914,6.3590
52.3000,-3504.3787,2.7946,-16542.5510,7.0157
52.3500,-3504.4307,2.8345,-16542.6063,1.7157
52.4000,-3504.4650,2.8581,-16542.6434,1.1150
52.4500,-3504.4822,2.8660,-16542.6608,0.5136
52.5000,-3504.4804,2.8607,-16542.6559,0.1483
52.5500,-3504.4586,2.8425,-16542.6278,0.7994
52.6000,-3504.4140,2.8149,-16542.5741,1.5019
52.6500,-3504.4259,2.8222,-16542.5857,0.3635
52.7000,-3504.4182,2.8169,-16542.5769,0.2565
52.7500,-3504.4219,2.8188,-16542.5810,0.1168
52.8000,-3504.4078,2.8082,-16542.5643,0.4869
52.8500,-3504.4126,2.8107,-16542.5692,0.1474
52.9000,-3504.4142,2.8118,-16542.5712,0.0558
52.9500,-3504.4150,2.8122,-16542.5723,0.0272
53.0000,-3504.4154,2.8124,-16542.5729,0.0160
53.0500,-3504.4157,2.8125,-16542.5734,0.0111
53.1000,-3504.4160,2.8125,-16542.5737,0.0084
53.1500,-3504.4162,2.8126,-16542.5740,0.0067
53.2000,-3504.4163,2.8127,-16542.5742,0.0054
53.2500,-3504.4165,2.8127,-16542.5743,0.0043
53.3000,-3504.4166,2.8127,-16542.5745,0.0035
53.3500,-3504.4166,2.8128,-16542.5746,0.0028
53.4000,-3504.4167,2.8128,-16542.5747,0.0022
53.4500,-3504.4168,2.8128,-16542.5747,0.0018
53.5000,-3504.4168,2.8128,-16542.5748,0.0014
53.5500,-3504.4168,2.8128,-16542.5748,0.0011
53.6000,-3504.4169,2.8128,-16542.5749,0.0009
53.6500,-3504.4169,2.8128,-16542.5749,0.0007
53.7000,-3504.4169,2.8128,-16542.5749,0.0006
53.7500,-3504.4169,2.8128,-16542.5749,0.0005
53.8000,-3504.4169,2.8128,-16542.5750,0.0004
53.8500,-3504.4169,2.8128,-16542.5750,0.0003
53.9000,-3504.4169,2.8128,-16542.5750,0.0002
53.9500,-3504.4169,2.8128,-16542.5750,0.0002
54.0000,-3504.4170,2.8128,-16542.5750,0.0001
54.0500,-3504.4170,2.8128,-16542.5750,0.0001
54.1000,-3504.4170,2.8128,-16542.5750,0.0001
54.1500,-3504.4170,2.8128,-16542.5750,0.0001
54.2000,-3504.4170,2.8128,-16542.5750,0.0001
54.2500,-3504.4170,2.8128,-16542.5750,0.0001
54.3000,-3504.4170,2.8128,-16542.5750,0.0000
54.3500,-3504.4170,2.8129,-16542.5750,0.0000
54.4000,-3504.4170,2.8129,-16542.5750,0.0000
54.4500,-3504.4170,2.8129,-16542.5750,0.0000
54.5000,-3504.4170,2.8129,-16542.5750,0.0000
54.5500,-3504.4170,2.8129,-16542.5750,0.0000
54.6000,-3504.4170,2.8129,-16542.5750,0.0000
54.6500,-3504.4170,2.8129,-16542.5750,0.0000
54.7000,-3504.4170,2.8129,-16542.5750,0.0000
54.7500,-3504.4170,2.8129,-16542.5750,0.0000
54.8000,-3504.4170,2.8129,-16542.5750,0.0000
54.8500,-3504.4170,2.8129,-16542.5750,0.0000
54.9000,-3504.4170,2.8129,-16542.5750,0.0000
54.9500,-3504.4170,2.8129,-16542.5750,0.0000
55.0000,-3504.4170,2.8129,-16542.5750,0.0000
55.0500,-3504.4170,2.8129,-16542.5750,0.0000
55.1000,-3504.4170,2.8129,-16542.5750,0.0000
55.1500,-3504.4170,2.8129,-16542.5750,0.0000
55.2000,-3504.4170,2.8129,-16542.5750,0.0000
55.2500,-3504.4170,2.8129,-16542.5750,0.0000
55.3000,-3504.4170,2.8129,-16542.5750,0.0000
55.3500,-3504.4170,2.8129,-16542.5750,0.0000
55.4000,-3504.4170,2.8129,-16542.5750,0.0000
55.4500,-3504.4170,2.8129,-16542.5750,0.0000
55.5000,-3504.4170,2.8129,-16542.5750,0.0000
55.5500,-3504.4170,2.8129,-16542.5750,0.0000
55.6000,-3504.4170,2.8129,-16542.5750,0.0000
55.6500,-3504.4170,2.8129,-16542.5750,0.0000
55.7000,-3504.4170,2.8129,-16542.5750,0.0000
55.7500,-3504.4170,2.8129,-16542.5750,0.0000
55.8000,-3504.4170,2.8129,-16542.5750,0.0000
55.8500,-3504.4170,2.8129,-16542.5750,0.0000
55.9000,-3504.4170,2.8129,-16542.5750,0.0000
55.9500,-3504.4170,2.8129,-16542.5750,0.0000
56.0000,-3504.4170,2.8129,-16542.5750,0.0000
56.0500,-3504.4170,2.8129,-16542.5750,0.0000
56.1000,-3504.4170,2.8129,-16542.5750,0.0000
56.1500,-3504.4170,2.8129,-16542.5750,0.0000
56.2000,-3504.4170,2.8129,-16542.5750,0.0000
56.2500,-3504.4170,2.8129,-16542.5750,0.0000
56.3000,-3504.4170,2.8129,-16542.5750,0.0000
56.3500,-3504.4170,2.8129,-16542.5750,0.0000
56.4000,-3504.4170,2.8129,-16542.5750,0.0000
56.4500,-3504.4170,2.8129,-16542.5750,0.0000
56.5000,-3504.4170,2.8129,-16542.5750,0.0000
56.5500,-3504.4170,2.8129,-16542.5750,0.0000
56.6000,-3504.4170,2.8129,-16542.5750,0.0000
56.6500,-3504.4170,2.8129,-16542.5750,0.0000
56.7000,-3504.4170,2.8129,-16542.5750,0.0000
56.7500,-3504.4170,2.8129,-16542.5750,0.0000
56.8000,-3504.4170,2.8129,-16542.5750,0.0000
56.8500,-3504.4170,2.8129,-16542.5750,0.0000
56.9000,-3504.4170,2.8129,-16542.5750,0.0000
56.9500,-3504.4170,2.8129,-16542.5750,0.0000
57.0000,-3504.4170,2.8129,-16542.5750,0.0000
57.0500,-3504.4170,2.8129,-16542.5750,0.0000
57.1000,-3504.4170,2.8129,-16542.5750,0.0000
57.1500,-3504.4170,2.8129,-16542.5750,0.0000
57.2000,-3504.4170,2.8129,-16542.5750,0.0000
57.2500,-3504.4170,2.8129,-16542.5750,0.0000
57.3000,-3504.4170,2.8129,-16542.5750,0.0000
57.3500,-3504.4170,2.8129,-16542.5750,0.0000
57.4000,-3504.4170,2.8129,-16542.5750,0.0000
57.4500,-3504.4170,2.8129,-16542.5750,0.0000
57.5000,-3504.4170,2.8129,-16542.5750,0.0000
57.5500,-3504.4170,2.8129,-16542.5750,0.0000
57.6000,-3504.4170,2.8129,-16542.5750,0.0000
57.6500,-3504.4170,2.8129,-16542.5750,0.0000
57.7000,-3504.4170,2.8129,-16542.5750,0.0000
57.7500,-3504.4170,2.8129,-16542.5750,0.0000
57.8000,-3504.4170,2.8129,-16542.5750,0.0000
57.8500,-3504.4170,2.8129,-16542.5750,0.0000
57.9000,-3504.4170,2.8129,-16542.5750,0.0000
57.9500,-3504.4170,2.8129,-16542.5750,0.0000
58.0000,-3504.4170,2.8129,-16542.5750,0.0000
58.0500,-3504.4170,2.8129,-16542.5750,0.0000
58.1000,-3504.4170,2.8129,-16542.5750,0.0000
58.1500,-3504.4170,2.8129,-16542.5750,0.0000
58.2000,-3504.4170,2.8129,-16542.5750,0.0000
58.2500,-3504.4170,2.8129,-16542.5750,0.0000
58.3000,-3504.4170,2.8129,-16542.5750,0.0000
58.3500,-3504.4170,2.8129,-16542.5750,0.0000
58.4000,-3504.4170,2.8129,-16542.5750,0.0000
58.4500,-3504.4170,2.8129,-16542.5750,0.0000
58.5000,-3504.4170,2.8129,-16542.5750,0.0000
58.5500,-3504.4170,2.8129,-16542.5750,0.0000
58.6000,-3504.4170,2.8129,-16542.5750,0.0000
58.6500,-3504.4170,2.8129,-16542.5750,0.0000
58.7000,-3504.4170,2.8129,-16542.5750,0.0000
58.7500,-3504.4170,2.8129,-16542.5750,0.0000
58.8000,-3504.4170,2.8129,-16542.5750,0.0000
58.8500,-3504.4170,2.8129,-16542.5750,0.0000
58.9000,-3504.4170,2.8129,-16542.5750,0.0000
58.9500,-3504.4170,2.8129,-16542.5750,0.0000
59.0000,-3504.4170,2.8129,-16542.5750,0.0000
59.0500,-3504.4170,2.8129,-16542.5750,0.0000
59.1000,-3504.4170,2.8129,-16542.5750,0.0000
59.1500,-3504.4170,2.8129,-16542.5750,0.0000
59.2000,-3504.4170,2.8129,-16542.5750,0.0000
59.2500,-3504.4170,2.8129,-16542.5750,0.0000
59.3000,-3504.4170,2.8129,-16542.5750,0.0000
59.3500,-3504.4170,2.8129,-16542.5750,0.0000
59.4000,-3504.4170,2.8129,-16542.5750,0.0000
59.4500,-3504.4170,2.8129,-16542.5750,0.0000
59.5000,-3504.4170,2.8129,-16542.5750,0.0000
59.5500,-3504.4170,2.8129,-16542.5750,0.0000
59.6000,-3504.4170,2.8129,-16542.5750,0.0000
59.6500,-3504.4170,2.8129,-16542.5750,0.0000
59.7000,-3504.4170,2.8129,-16542.5750,0.0000
59.7500,-3504.4170,2.8129,-16542.5750,0.0000
59.8000,-3504.4170,2.8129,-16542.5750,0.0000
59.8500,-3504.4170,2.8129,-16542.5750,0.0000
59.9000,-3504.4170,2.8129,-16542.5750,0.0000
59.9500,-3504.4170,2.8129,-16542.5750,0.0000
60.0000,-3504.4170,2.8129,-16542.5750,0.0000
60.0500,-3504.4170,2.8129,-16542.5750,0.0000
60.1000,-3504.4170,2.8129,-16542.5750,0.0000
60.1500,-3504.4170,2.8129,-16542.5750,0.0000
60.2000,-3504.4170,2.8129,-16542.5750,0.0000
60.2500,-3504.4170,2.8129,-16542.5750,0.0000
60.3000,-3504.4170,2.8129,-16542.5750,0.0000
60.3500,-3504.4170,2.8129,-16542.5750,0.0000
60.4000,-3504.4170,2.8129,-16542.5750,0.0000
60.4500,-3504.4170,2.8129,-16542.5750,0.0000
60.5000,-3504.4170,2.8129,-16542.5750,0.0000
60.5500,-3504.4170,2.8129,-16542.5750,0.0000
60.6000,-3504.4170,2.8129,-16542.5750,0.0000
60.6500,-3504.4170,2.8129,-16542.5750,0.0000
60.7000,-3504.4170,2.8129,-16542.5750,0.0000
60.7500,-3504.4170,2.8129,-16542.5750,0.0000
60.8000,-3504.4170,2.8129,-16542.5750,0.0000
60.8500,-3504.4170,2.8129,-16542.5750,0.0000
60.9000,-3504.4170,2.8129,-16542.5750,0.0000
60.9500,-3504.4170,2.8129,-16542.5750,0.0000
61.0000,-3504.4170,2.8129,-16542.5750,0.0000
61.0500,-3504.4170,2.8129,-16542.5750,0.0000
61.1000,-3504.4170,2.8129,-16542.5750,0.0000
61.1500,-3504.4170,2.8129,-16542.5750,0.0000
61.2000,-3504.4170,2.8129,-16542.5750,0.0000
61.2500,-3504.4170,2.8129,-16542.5750,0.0000
61.3000,-3504.4170,2.8129,-16542.5750,0.0000
61.3500,-3504.4170,2.8129,-16542.5750,0.0000
61.4000,-3504.4170,2.8129,-16542.5750,0.0000
61.4500,-3504.4170,2.8129,-16542.5750,0.0000
61.5000,-3504.4170,2.8129,-16542.5750,0.0000
61.5500,-3504.4170,2.8129,-16542.5750,0.0000
61.6000,-3504.4170,2.8129,-16542.5750,0.0000
61.6500,-3504.4170,2.8129,-16542.5750,0.0000
61.7000,-3504.4170,2.8129,-16542.5750,0.0000
61.7500,-3504.4170,2.8129,-16542.5750,0.0000
61.8000,-3504.4170,2.8129,-16542.5750,0.0000
61.8500,-3504.4170,2.8129,-16542.5750,0.0000
61.9000,-3504.4170,2.8129,-16542.5750,0.0000
61.9500,-3504.4170,2.8129,-16542.5750,0.0000
62.0000,-3504.4170,2.8129,-16542.5750,0.0000
62.0500,-3504.4170,2.8129,-16542.5750,0.0000
62.1000,-3504.4170,2.8129,-16542.5750,0.0000
62.1500,-3504.4170,2.8129,-16542.5750,0.0000
62.2000,-3504.4170,2.8129,-16542.5750,0.0000
62.2500,-3504.4170,2.8129,-16542.5750,0.0000
62.3000,-3504.4170,2.8129,-16542.5750,0.0000
62.3500,-3504.4170,2.8129,-16542.5750,0.0000
62.4000,-3504.4170,2.8129,-16542.5750,0.0000
62.4500,-3504.4170,2.8129,-16542.5750,0.0000
62.5000,-3504.4170,2.8129,-16542.5750,0.0000
62.5500,-3504.4170,2.8129,-16542.5750,0.0000
62.6000,-3504.4170,2.8129,-16542.5750,0.0000
62.6500,-3504.4170,2.8129,-16542.5750,0.0000
62.7000,-3504.4170,2.8129,-16542.5750,0.0000
62.7500,-3504.4170,2.8129,-16542.5750,0.0000
62.8000,-3504.4170,2.8129,-16542.5750,0.0000
62.8500,-3504.4170,2.8129,-16542.5750,0.0000
62.9000,-3504.4170,2.8129,-16542.5750,0.0000
62.9500,-3504.4170,2.8129,-16542.5750,0.0000
63.0000,-3504.4170,2.8129,-16542.5750,0.0000
63.0500,-3504.4170,2.8129,-16542.5750,0.0000
63.1000,-3504.4170,2.8129,-16542.5750,0.0000
63.1500,-3504.4170,2.8129,-16542.5750,0.0000
63.2000,-3504.4170,2.8129,-16542.5750,0.0000
63.2500,-3504.4170,2.8129,-16542.5750,0.0000
63.3000,-3504.4170,2.8129,-16542.5750,0.0000
63.3500,-3504.4170,2.8129,-16542.5750,0.0000
63.4000,-3504.4170,2.8129,-16542.5750,0.0000
63.4500,-3504.4170,2.8129,-16542.5750,0.0000
63.5000,-3504.4170,2.8129,-16542.5750,0.0000
63.5500,-3504.4170,2.8129,-16542.5750,0.0000
63.6000,-3504.4170,2.8129,-16542.5750,0.0000
63.6500,-3504.4170,2.8129,-16542.5750,0.0000
63.7000,-3504.4170,2.8129,-16542.5750,0.0000
63.7500,-3504.4170,2.8129,-16542.5750,0.0000
63.8000,-3504.4170,2.8129,-16542.5750,0.0000
63.8500,-3504.4170,2.8129,-16542.5750,0.0000
63.9000,-3504.4170,2.8129,-16542.5750,0.0000
63.9500,-3504.4170,2.8129,-16542.5750,0.0000
64.0000,-3504.4170,2.8129,-16542.5750,0.0000
64.0500,-3504.4170,2.8129,-16542.5750,0.0000
64.1000,-3504.4170,2.8129,-16542.5750,0.0000
64.1500,-3504.4170,2.8129,-16542.5750,0.0000
64.2000,-3504.4170,2.8129,-16542.5750,0.0000
64.2500,-3504.4170,2.8129,-16542.5750,0.0000
64.3000,-3504.4170,2.8129,-16542.5750,0.0000
64.3500,-3504.4170,2.8129,-16542.5750,0.0000
64.4000,-3504.4170,2.8129,-16542.5750,0.0000
64.4500,-3504.4170,2.8129,-16542.5750,0.0000
64.5000,-3504.4170,2.8129,-16542.5750,0.0000
64.5500,-3504.4170,2.8129,-16542.5750,0.0000
64.6000,-3504.4170,2.8129,-16542.5750,0.0000
64.6500,-3504.4170,2.8129,-16542.5750,0.0000
64.7000,-3504.4170,2.8129,-16542.5750,0.0000
64.7500,-3504.4170,2.8129,-16542.5750,0.0000
64.8000,-3504.4170,2.8129,-16542.5750,0.0000
64.8500,-3504.4170,2.8129,-16542.5750,0.0000
64.9000,-3504.4170,2.8129,-16542.5750,0.0000
64.9500,-3504.4170,2.8129,-16542.5750,0.0000
65.0000,-3504.4170,2.8129,-16542.5750,0.0000
65.0500,-3504.4170,2.8129,-16542.5750,0.0000
65.1000,-3504.4170,2.8129,-16542.5750,0.0000
65.1500,-3504.4170,2.8129,-16542.5750,0.0000
65.2000,-3504.4170,2.8129,-16542.5750,0.0000
65.2500,-3504.4170,2.8129,-16542.5750,0.0000
65.3000,-3504.4170,2.8129,-16542.5750,0.0000
65.3500,-3504.4170,2.8129,-16542.5750,0.0000
65.4000,-3504.4170,2.8129,-16542.5750,0.0000
65.4500,-3504.4170,2.8129,-16542.5750,0.0000
65.5000,-3504.4170,2.8129,-16542.5750,0.0000
65.5500,-3504.4170,2.8129,-16542.5750,0.0000
65.6000,-3504.4170,2.8129,-16542.5750,0.0000
65.6500,-3504.4170,2.8129,-16542.5750,0.0000
65.7000,-3504.4170,2.8129,-16542.5750,0.0000
65.7500,-3504.4170,2.8129,-16542.5750,0.0000
65.8000,-3504.4170,2.8129,-16542.5750,0.0000
65.8500,-3504.4170,2.8129,-16542.5750,0.0000
65.9000,-3504.4170,2.8129,-16542.5750,0.0000
65.9500,-3504.4170,2.8129,-16542.5750,0.0000
66.0000,-3504.4170,2.8129,-16542.5750,0.0000
66.0500,-3504.4170,2.8129,-16542.5750,0.0000
66.1000,-3504.4170,2.8129,-16542.5750,0.0000
66.1500,-3504.4170,2.8129,-16542.5750,0.0000
66.2000,-3504.4170,2.8129,-16542.5750,0.0000
66.2500,-3504.4170,2.8129,-16542.5750,0.0000
66.3000,-3504.4170,2.8129,-16542.5750,0.0000
66.3500,-3504.4170,2.8129,-16542.5750,0.0000
66.4000,-3504.4170,2.8129,-16542.5750,0.0000
66.4500,-3504.4170,2.8129,-16542.5750,0.0000
66.5000,-3504.4170,2.8129,-16542.5750,0.0000
66.5500,-3504.4170,2.8129,-16542.5750,0.0000
66.6000,-3504.4170,2.8129,-16542.5750,0.0000
66.6500,-3504.4170,2.8129,-16542.5750,0.0000
66.7000,-3504.4170,2.8129,-16542.5750,0.0000
66.7500,-3504.4170,2.8129,-16542.5750,0.0000
66.8000,-3504.4170,2.8129,-16542.5750,0.0000
66.8500,-3504.4170,2.8129,-16542.5750,0.0000
66.9000,-3504.4170,2.8129,-16542.5750,0.0000
66.9500,-3504.4170,2.8129,-16542.5750,0.0000
67.0000,-3504.4170,2.8129,-16542.5750,0.0000
67.0500,-3504.4170,2.8129,-16542.5750,0.0000
67.1000,-3504.4170,2.8129,-16542.5750,0.0000
67.1500,-3504.4170,2.8129,-16542.5750,0.0000
67.2000,-3504.4170,2.8129,-16542.5750,0.0000
67.2500,-3504.4170,2.8129,-16542.5750,0.0000
67.3000,-3504.4170,2.8129,-16542.5750,0.0000
67.3500,-3504.4170,2.8129,-16542.5750,0.0000
67.4000,-3504.4170,2.8129,-16542.5750,0.0000
67.4500,-3504.4170,2.8129,-16542.5750,0.0000
67.5000,-3504.4170,2.8129,-16542.5750,0.0000
67.5500,-3504.4170,2.8129,-16542.5750,0.0000
67.6000,-3504.4170,2.8129,-16542.5750,0.0000
67.6500,-3504.4170,2.8129,-16542.5750,0.0000
67.7000,-3504.4170,2.8129,-16542.5750,0.0000
67.7500,-3504.4170,2.8129,-16542.5750,0.0000
67.8000,-3504.4170,2.8129,-16542.5750,0.0000
67.8500,-3504.4170,2.8129,-16542.5750,0.0000
67.9000,-3504.4170,2.8129,-16542.5750,0.0000
67.9500,-3504.4170,2.8129,-16542.5750,0.0000
68.0000,-3504.4170,2.8129,-16542.5750,0.0000
68.0500,-3504.4170,2.8129,-16542.5750,0.0000
68.1000,-3504.4170,2.8129,-16542.5750,0.0000
68.1500,-3504.4170,2.8129,-16542.5750,0.0000
68.2000,-3504.4170,2.8129,-16542.5750,0.0000
68.2500,-3504.4170,2.8129,-16542.5750,0.0000
68.3000,-3504.4170,2.8129,-16542.5750,0.0000
68.3500,-3504.4170,2.8129,-16542.5750,0.0000
68.4000,-3504.4170,2.8129,-16542.5750,0.0000
68.4500,-3504.4170,2.8129,-16542.5750,0.0000
68.5000,-3504.4170,2.8129,-16542.5750,0.0000
68.5500,-3504.4170,2.8129,-16542.5750,0.0000
68.6000,-3504.4170,2.8129,-16542.5750,0.0000
68.6500,-3504.4170,2.8129,-16542.5750,0.0000
68.7000,-3504.4170,2.8129,-16542.5750,0.0000
68.7500,-3504.4170,2.8129,-16542.5750,0.0000
68.8000,-3504.4170,2.8129,-16542.5750,0.0000
68.8500,-3504.4170,2.8129,-16542.5750,0.0000
68.9000,-3504.4170,2.8129,-16542.5750,0.0000
68.9500,-3504.4170,2.8129,-16542.5750,0.0000
69.0000,-3504.4170,2.8129,-16542.5750,0.0000
69.0500,-3504.4170,2.8129,-16542.5750,0.0000
69.1000,-3504.4170,2.8129,-16542.5750,0.0000
69.1500,-3504.4170,2.8129,-16542.5750,0.0000
69.2000,-3504.4170,2.8129,-16542.5750,0.0000
69.2500,-3504.4170,2.8129,-16542.5750,0.0000
69.3000,-3504.4170,2.8129,-16542.5750,0.0000
69.3500,-3504.4170,2.8129,-16542.5750,0.0000
69.4000,-3504.4170,2.8129,-16542.5750,0.0000
69.4500,-3504.4170,2.8129,-16542.5750,0.0000
69.5000,-3504.4170,2.8129,-16542.5750,0.0000
69.5500,-3504.4170,2.8129,-16542.5750,0.0000
69.6000,-3504.4170,2.8129,-16542.5750,0.0000
69.6500,-3504.4170,2.8129,-16542.5750,0.0000
69.7000,-3504.4170,2.8129,-16542.5750,0.0000
69.7500,-3504.4170,2.8129,-16542.5750,0.0000
69.8000,-3504.4170,2.8129,-16542.5750,0.0000
69.8500,-3504.4170,2.8129,-16542.5750,0.0000
69.9000,-3504.4170,2.8129,-16542.5750,0.0000
69.9500,-3504.4170,2.8129,-16542.5750,0.0000
70.0000,-3504.4170,2.8129,-16542.5750,0.0000
70.0500,-3504.4170,2.8129,-16542.5750,0.0000
70.1000,-3504.4170,2.8129,-16542.5750,0.0000
70.1500,-3504.4170,2.8129,-16542.5750,0.0000
70.2000,-3504.4170,2.8129,-16542.5750,0.0000
70.2500,-3504.4170,2.8129,-16542.5750,0.0000
70.3000,-3504.4170,2.8129,-16542.5750,0.0000
70.3500,-3504.4170,2.8129,-16542.5750,0.0000
70.4000,-3504.4170,2.8129,-16542.5750,0.0000
70.4500,-3504.4170,2.8129,-16542.5750,0.0000
70.5000,-3504.4170,2.8129,-16542.5750,0.0000
70.5500,-3504.4170,2.8129,-16542.5750,0.0000
70.6000,-3504.4170,2.8129,-16542.5750,0.0000
70.6500,-3504.4170,2.8129,-16542.5750,0.0000
70.7000,-3504.4170,2.8129,-16542.5750,0.0000
70.7500,-3504.4170,2.8129,-16542.5750,0.0000
70.8000,-3504.4170,2.8129,-16542.5750,0.0000
70.8500,-3504.4170,2.8129,-16542.5750,0.0000
70.9000,-3504.4170,2.8129,-16542.5750,0.0000
70.9500,-3504.4170,2.8129,-16542.5750,0.0000
71.0000,-3504.4170,2.8129,-16542.5750,0.0000
71.0500,-3504.4170,2.8129,-16542.5750,0.0000
71.1000,-3504.4170,2.8129,-16542.5750,0.0000
71.1500,-3504.4170,2.8129,-16542.5750,0.0000
71.2000,-3504.4170,2.8129,-16542.5750,0.0000
71.2500,-3504.4170,2.8129,-16542.5750,0.0000
71.3000,-3504.4170,2.8129,-16542.5750,0.0000
71.3500,-3504.4170,2.8129,-16542.5750,0.0000
71.4000,-3504.4170,2.8129,-16542.5750,0.0000
71.4500,-3504.4170,2.8129,-16542.5750,0.0000
71.5000,-3504.4170,2.8129,-16542.5750,0.0000
71.5500,-3504.4170,2.8129,-16542.5750,0.0000
71.6000,-3504.4170,2.8129,-16542.5750,0.0000
71.6500,-3504.4170,2.8129,-16542.5750,0.0000
71.7000,-3504.4170,2.8129,-16542.5750,0.0000
71.7500,-3504.4170,2.8129,-16542.5750,0.0000
71.8000,-3504.4170,2.8129,-16542.5750,0.0000
71.8500,-3504.4170,2.8129,-16542.5750,0.0000
71.9000,-3504.4170,2.8129,-16542.5750,0.0000
71.9500,-3504.4170,2.8129,-16542.5750,0.0000
72.0000,-3504.4170,2.8129,-16542.5750,0.0000
72.0500,-3504.4170,2.8129,-16542.5750,0.0000
72.1000,-3504.4170,2.8129,-16542.5750,0.0000
72.1500,-3504.4170,2.8129,-16542.5750,0.0000
72.2000,-3504.4170,2.8129,-16542.5750,0.0000
72.2500,-3504.4170,2.8129,-16542.5750,0.0000
72.3000,-3504.4170,2.8129,-16542.5750,0.0000
72.3500,-3504.4170,2.8129,-16542.5750,0.0000
72.4000,-3504.4170,2.8129,-16542.5750,0.0000
72.4500,-3504.4170,2.8129,-16542.5750,0.0000
72.5000,-3504.4170,2.8129,-16542.5750,0.0000
72.5500,-3504.4170,2.8129,-16542.5750,0.0000
72.6000,-3504.4170,2.8129,-16542.5750,0.0000
72.6500,-3504.4170,2.8129,-16542.5750,0.0000
72.7000,-3504.4170,2.8129,-16542.5750,0.0000
72.7500,-3504.4170,2.8129,-16542.5750,0.0000
72.8000,-3504.4170,2.8129,-16542.5750,0.0000
72.8500,-3504.4170,2.8129,-16542.5750,0.0000
72.9000,-3504.4170,2.8129,-16542.5750,0.0000
72.9500,-3504.4170,2.8129,-16542.5750,0.0000
73.0000,-3504.4170,2.8129,-16542.5750,0.0000
73.0500,-3504.4170,2.8129,-16542.5750,0.0000
73.1000,-3504.4170,2.8129,-16542.5750,0.0000
73.1500,-3504.4170,2.8129,-16542.5750,0.0000
73.2000,-3504.4170,2.8129,-16542.5750,0.0000
73.2500,-3504.4170,2.8129,-16542.5750,0.0000
73.3000,-3504.4170,2.8129,-16542.5750,0.0000
73.3500,-3504.4170,2.8129,-16542.5750,0.0000
73.4000,-3504.4170,2.8129,-16542.5750,0.0000
73.4500,-3504.4170,2.8129,-16542.5750,0.0000
73.5000,-3504.4170,2.8129,-16542.5750,0.0000
73.5500,-3504.4170,2.8129,-16542.5750,0.0000
73.6000,-3504.4170,2.8129,-16542.5750,0.0000
73.6500,-3504.4170,2.8129,-16542.5750,0.0000
73.7000,-3504.4170,2.8129,-16542.5750,0.0000
73.7500,-3504.4170,2.8129,-16542.5750,0.0000
73.8000,-3504.4170,2.8129,-16542.5750,0.0000
73.8500,-3504.4170,2.8129,-16542.5750,0.0000
73.9000,-3504.4170,2.8129,-16542.5750,0.0000
73.9500,-3504.4170,2.8129,-16542.5750,0.0000
74.0000,-3504.4170,2.8129,-16542.5750,0.0000
74.0500,-3504.4170,2.8129,-16542.5750,0.0000
74.1000,-3504.4170,2.8129,-16542.5750,0.0000
74.1500,-3504.4170,2.8129,-16542.5750,0.0000
74.2000,-3504.4170,2.8129,-16542.5750,0.0000
74.2500,-3504.4170,2.8129,-16542.5750,0.0000
74.3000,-3504.4170,2.8129,-16542.5750,0.0000
74.3500,-3504.4170,2.8129,-16542.5750,0.0000
74.4000,-3504.4170,2.8129,-16542.5750,0.0000
74.4500,-3504.4170,2.8129,-16542.5750,0.0000
74.5000,-3504.4170,2.8129,-16542.5750,0.0000
74.5500,-3504.4170,2.8129,-16542.5750,0.0000
74.6000,-3504.4170,2.8129,-16542.5750,0.0000
74.6500,-3504.4170,2.8129,-16542.5750,0.0000
74.7000,-3504.4170,2.8129,-16542.5750,0.0000
74.7500,-3504.4170,2.8129,-16542.5750,0.0000
74.8000,-3504.4170,2.8129,-16542.5750,0.0000
74.8500,-3504.4170,2.8129,-16542.5750,0.0000
74.9000,-3504.4170,2.8129,-16542.5750,0.0000
74.9500,-3504.4170,2.8129,-16542.5750,0.0000
75.0000,-3504.4170,2.8129,-16542.5750,0.0000
75.0500,-3504.4170,2.8129,-16542.5750,0.0000
75.1000,-3504.4170,2.8129,-16542.5750,0.0000
75.1500,-3504.4170,2.8129,-16542.5750,0.0000
75.2000,-3504.4170,2.8129,-16542.5750,0.0000
75.2500,-3504.4170,2.8129,-16542.5750,0.0000
75.3000,-3504.4170,2.8129,-16542.5750,0.0000
75.3500,-3504.4170,2.8129,-16542.5750,0.0000
75.4000,-3504.4170,2.8129,-16542.5750,0.0000
75.4500,-3504.4170,2.8129,-16542.5750,0.0000
75.5000,-3504.4170,2.8129,-16542.5750,0.0000
75.5500,-3504.4170,2.8129,-16542.5750,0.0000
75.6000,-3504.4170,2.8129,-16542.5750,0.0000
75.6500,-3504.4170,2.8129,-16542.5750,0.0000
75.7000,-3504.4170,2.8129,-16542.5750,0.0000
75.7500,-3504.4170,2.8129,-16542.5750,0.0000
75.8000,-3504.4170,2.8129,-16542.5750,0.0000
75.8500,-3504.4170,2.8129,-16542.5750,0.0000
75.9000,-3504.4170,2.8129,-16542.5750,0.0000
75.9500,-3504.4170,2.8129,-16542.5750,0.0000
76.0000,-3504.4170,2.8129,-16542.5750,0.0000
76.0500,-3504.4170,2.8129,-16542.5750,0.0000
76.1000,-3504.4170,2.8129,-16542.5750,0.0000
76.1500,-3504.4170,2.8129,-16542.5750,0.0000
76.2000,-3504.4170,2.8129,-16542.5750,0.0000
76.2500,-3504.4170,2.8129,-16542.5750,0.0000
76.3000,-3504.4170,2.8129,-16542.5750,0.0000
76.3500,-3504.4170,2.8129,-16542.5750,0.0000
76.4000,-3504.4170,2.8129,-16542.5750,0.0000
76.4500,-3504.4170,2.8129,-16542.5750,0.0000
76.5000,-3504.4170,2.8129,-16542.5750,0.0000
76.5500,-3504.4170,2.8129,-16542.5750,0.0000
76.6000,-3504.4170,2.8129,-16542.5750,0.0000
76.6500,-3504.4170,2.8129,-16542.5750,0.0000
76.7000,-3504.4170,2.8129,-16542.5750,0.0000
76.7500,-3504.4170,2.8129,-16542.5750,0.0000
76.8000,-3504.4170,2.8129,-16542.5750,0.0000
76.8500,-3504.4170,2.8129,-16542.5750,0.0000
76.9000,-3504.4170,2.8129,-16542.5750,0.0000
76.9500,-3504.4170,2.8129,-16542.5750,0.0000
77.0000,-3504.4170,2.8129,-16542.5750,0.0000
77.0500,-3504.4170,2.8129,-16542.5750,0.0000
77.1000,-3504.4170,2.8129,-16542.5750,0.0000
77.1500,-3504.4170,2.8129,-16542.5750,0.0000
77.2000,-3504.4170,2.8129,-16542.5750,0.0000
77.2500,-3504.4170,2.8129,-16542.5750,0.0000
77.3000,-3504.4170,2.8129,-16542.5750,0.0000
77.3500,-3504.4170,2.8129,-16542.5750,0.0000
77.4000,-3504.4170,2.8129,-16542.5750,0.0000
77.4500,-3504.4170,2.8129,-16542.5750,0.0000
77.5000,-3504.4170,2.8129,-16542.5750,0.0000
77.5500,-3504.4170,2.8129,-16542.5750,0.0000
77.6000,-3504.4170,2.8129,-16542.5750,0.0000
77.6500,-3504.4170,2.8129,-16542.5750,0.0000
77.7000,-3504.4170,2.8129,-16542.5750,0.0000
77.7500,-3504.4170,2.8129,-16542.5750,0.0000
77.8000,-3504.4170,2.8129,-16542.5750,0.0000
77.8500,-3504.4170,2.8129,-16542.5750,0.0000
77.9000,-3504.4170,2.8129,-16542.5750,0.0000
77.9500,-3504.4170,2.8129,-16542.5750,0.0000
78.0000,-3504.4170,2.8129,-16542.5750,0.0000
78.0500,-3504.4170,2.8129,-16542.5750,0.0000
78.1000,-3504.4170,2.8129,-16542.5750,0.0000
78.1500,-3504.4170,2.8129,-16542.5750,0.0000
78.2000,-3504.4170,2.8129,-16542.5750,0.0000
78.2500,-3504.4170,2.8129,-16542.5750,0.0000
78.3000,-3504.4170,2.8129,-16542.5750,0.0000
78.3500,-3504.4170,2.8129,-16542.5750,0.0000
78.4000,-3504.4170,2.8129,-16542.5750,0.0000
78.4500,-3504.4170,2.8129,-16542.5750,0.0000
78.5000,-3504.4170,2.8129,-16542.5750,0.0000
78.5500,-3504.4170,2.8129,-16542.5750,0.0000
78.6000,-3504.4170,2.8129,-16542.5750,0.0000
78.6500,-3504.4170,2.8129,-16542.5750,0.0000
78.7000,-3504.4170,2.8129,-16542.5750,0.0000
78.7500,-3504.4170,2.8129,-16542.5750,0.0000
78.8000,-3504.4170,2.8129,-16542.5750,0.0000
78.8500,-3504.4170,2.8129,-16542.5750,0.0000
78.9000,-3504.4170,2.8129,-16542.5750,0.0000
78.9500,-3504.4170,2.8129,-16542.5750,0.0000
79.0000,-3504.4170,2.8129,-16542.5750,0.0000
79.0500,-3504.4170,2.8129,-16542.5750,0.0000
79.1000,-3504.4170,2.8129,-16542.5750,0.0000
79.1500,-3504.4170,2.8129,-16542.5750,0.0000
79.2000,-3504.4170,2.8129,-16542.5750,0.0000
79.2500,-3504.4170,2.8129,-16542.5750,0.0000
79.3000,-3504.4170,2.8129,-16542.5750,0.0000
79.3500,-3504.4170,2.8129,-16542.5750,0.0000
79.4000,-3504.4170,2.8129,-16542.5750,0.0000
79.4500,-3504.4170,2.8129,-16542.5750,0.0000
79.5000,-3504.4170,2.8129,-16542.5750,0.0000
79.5500,-3504.4170,2.8129,-16542.5750,0.0000
79.6000,-3504.4170,2.8129,-16542.5750,0.0000
79.6500,-3504.4170,2.8129,-16542.5750,0.0000
79.7000,-3504.4170,2.8129,-16542.5750,0.0000
79.7500,-3504.4170,2.8129,-16542.5750,0.0000
79.8000,-3504.4170,2.8129,-16542.5750,0.0000
79.8500,-3504.4170,2.8129,-16542.5750,0.0000
79.9000,-3504.4170,2.8129,-16542.5750,0.0000
79.9500,-3504.4170,2.8129,-16542.5750,0.0000
80.0000,-3504.4170,2.8129,-16542.5750,0.0000
80.0500,-3504.4170,2.8129,-16542.5750,0.0000
80.1000,-3504.4170,2.8129,-16542.5750,0.0000
80.1500,-3504.4170,2.8129,-16542.5750,0.0000
80.2000,-3504.4170,2.8129,-16542.5750,0.0000
80.2500,-3504.4170,2.8129,-16542.5750,0.0000
80.3000,-3504.4170,2.8129,-16542.5750,0.0000
80.3500,-3504.4170,2.8129,-16542.5750,0.0000
80.4000,-3504.4170,2.8129,-16542.5750,0.0000
80.4500,-3504.4170,2.8129,-16542.5750,0.0000
80.5000,-3504.4170,2.8129,-16542.5750,0.0000
80.5500,-3504.4170,2.8129,-16542.5750,0.0000
80.6000,-3504.4170,2.8129,-16542.5750,0.0000
80.6500,-3504.4170,2.8129,-16542.5750,0.0000
80.7000,-3504.4170,2.8129,-16542.5750,0.0000
80.7500,-3504.4170,2.8129,-16542.5750,0.0000
80.8000,-3504.4170,2.8129,-16542.5750,0.0000
80.8500,-3504.4170,2.8129,-16542.5750,0.0000
80.9000,-3504.4170,2.8129,-16542.5750,0.0000
80.9500,-3504.4170,2.8129,-16542.5750,0.0000
81.0000,-3504.4170,2.8129,-16542.5750,0.0000
81.0500,-3504.4170,2.8129,-16542.5750,0.0000
81.1000,-3504.4170,2.8129,-16542.5750,0.0000
81.1500,-3504.4170,2.8129,-16542.5750,0.0000
81.2000,-3504.4170,2.8129,-16542.5750,0.0000
81.2500,-3504.4170,2.8129,-16542.5750,0.0000
81.3000,-3504.4170,2.8129,-16542.5750,0.0000
81.3500,-3504.4170,2.8129,-16542.5750,0.0000
81.4000,-3504.4170,2.8129,-16542.5750,0.0000
81.4500,-3504.4170,2.8129,-16542.5750,0.0000
81.5000,-3504.4170,2.8129,-16542.5750,0.0000
81.5500,-3504.4170,2.8129,-16542.5750,0.0000
81.6000,-3504.4170,2.8129,-16542.5750,0.0000
81.6500,-3504.4170,2.8129,-16542.5750,0.0000
81.7000,-3504.4170,2.8129,-16542.5750,0.0000
81.7500,-3504.4170,2.8129,-16542.5750,0.0000
81.8000,-3504.4170,2.8129,-16542.5750,0.0000
81.8500,-3504.4170,2.8129,-16542.5750,0.0000
81.9000,-3504.4170,2.8129,-16542.5750,0.0000
81.9500,-3504.4170,2.8129,-16542.5750,0.0000
82.0000,-3504.4170,2.8129,-16542.5750,0.0000
82.0500,-3504.4170,2.8129,-16542.5750,0.0000
82.1000,-3504.4170,2.8129,-16542.5750,0.0000
82.1500,-3504.4170,2.8129,-16542.5750,0.0000
82.2000,-3504.4170,2.8129,-16542.5750,0.0000
82.2500,-3504.4170,2.8129,-16542.5750,0.0000
82.3000,-3504.4170,2.8129,-16542.5750,0.0000
82.3500,-3504.4170,2.8129,-16542.5750,0.0000
82.4000,-3504.4170,2.8129,-16542.5750,0.0000
82.4500,-3504.4170,2.8129,-16542.5750,0.0000
82.5000,-3504.4170,2.8129,-16542.5750,0.0000
82.5500,-3504.4170,2.8129,-16542.5750,0.0000
82.6000,-3504.4170,2.8129,-16542.5750,0.0000
82.6500,-3504.4170,2.8129,-16542.5750,0.0000
82.7000,-3504.4170,2.8129,-16542.5750,0.0000
82.7500,-3504.4170,2.8129,-16542.5750,0.0000
82.8000,-3504.4170,2.8129,-16542.5750,0.0000
82.8500,-3504.4170,2.8129,-16542.5750,0.0000
82.9000,-3504.4170,2.8129,-16542.5750,0.0000
82.9500,-3504.4170,2.8129,-16542.5750,0.0000
83.0000,-3504.4170,2.8129,-16542.5750,0.0000
83.0500,-3504.4170,2.8129,-16542.5750,0.0000
83.1000,-3504.4170,2.8129,-16542.5750,0.0000
83.1500,-3504.4170,2.8129,-16542.5750,0.0000
83.2000,-3504.4170,2.8129,-16542.5750,0.0000
83.2500,-3504.4170,2.8129,-16542.5750,0.0000
83.3000,-3504.4170,2.8129,-16542.5750,0.0000
83.3500,-3504.4170,2.8129,-16542.5750,0.0000
83.4000,-3504.4170,2.8129,-16542.5750,0.0000
83.4500,-3504.4170,2.8129,-16542.5750,0.0000
83.5000,-3504.4170,2.8129,-16542.5750,0.0000
83.5500,-3504.4170,2.8129,-16542.5750,0.0000
83.6000,-3504.4170,2.8129,-16542.5750,0.0000
83.6500,-3504.4170,2.8129,-16542.5750,0.0000
83.7000,-3504.4170,2.8129,-16542.5750,0.0000
83.7500,-3504.4170,2.8129,-16542.5750,0.0000
83.8000,-3504.4170,2.8129,-16542.5750,0.0000
83.8500,-3504.4170,2.8129,-16542.5750,0.0000
83.9000,-3504.4170,2.8129,-16542.5750,0.0000
83.9500,-3504.4170,2.8129,-16542.5750,0.0000
84.0000,-3504.4170,2.8129,-16542.5750,0.0000
84.0500,-3504.4170,2.8129,-16542.5750,0.0000
84.1000,-3504.4170,2.8129,-16542.5750,0.0000
84.1500,-3504.4170,2.8129,-16542.5750,0.0000
84.2000,-3504.4170,2.8129,-16542.5750,0.0000
84.2500,-3504.4170,2.8129,-16542.5750,0.0000
84.3000,-3504.4170,2.8129,-16542.5750,0.0000
84.3500,-3504.4170,2.8129,-16542.5750,0.0000
84.4000,-3504.4170,2.8129,-16542.5750,0.0000
84.4500,-3504.4170,2.8129,-16542.5750,0.0000
84.5000,-3504.4170,2.8129,-16542.5750,0.0000
84.5500,-3504.4170,2.8129,-16542.5750,0.0000
84.6000,-3504.4170,2.8129,-16542.5750,0.0000
84.6500,-3504.4170,2.8129,-16542.5750,0.0000
84.7000,-3504.4170,2.8129,-16542.5750,0.0000
84.7500,-3504.4170,2.8129,-16542.5750,0.0000
84.8000,-3504.4170,2.8129,-16542.5750,0.0000
84.8500,-3504.4170,2.8129,-16542.5750,0.0000
84.9000,-3504.4170,2.8129,-16542.5750,0.0000
84.9500,-3504.4170,2.8129,-16542.5750,0.0000
85.0000,-3504.4170,2.8129,-16542.5750,0.0000
85.0500,-3504.4170,2.8129,-16542.5750,0.0000
85.1000,-3504.4170,2.8129,-16542.5750,0.0000
85.1500,-3504.4170,2.8129,-16542.5750,0.0000
85.2000,-3504.4170,2.8129,-16542.5750,0.0000
85.2500,-3504.4170,2.8129,-16542.5750,0.0000
85.3000,-3504.4170,2.8129,-16542.5750,0.0000
85.3500,-3504.4170,2.8129,-16542.5750,0.0000
85.4000,-3504.4170,2.8129,-16542.5750,0.0000
85.4500,-3504.4170,2.8129,-16542.5750,0.0000
85.5000,-3504.4170,2.8129,-16542.5750,0.0000
85.5500,-3504.4170,2.8129,-16542.5750,0.0000
85.6000,-3504.4170,2.8129,-16542.5750,0.0000
85.6500,-3504.4170,2.8129,-16542.5750,0.0000
85.7000,-3504.4170,2.8129,-16542.5750,0.0000
85.7500,-3504.4170,2.8129,-16542.5750,0.0000
85.8000,-3504.4170,2.8129,-16542.5750,0.0000
85.8500,-3504.4170,2.8129,-16542.5750,0.0000
85.9000,-3504.4170,2.8129,-16542.5750,0.0000
85.9500,-3504.4170,2.8129,-16542.5750,0.0000
86.0000,-3504.4170,2.8129,-16542.5750,0.0000
86.0500,-3504.4170,2.8129,-16542.5750,0.0000
86.1000,-3504.4170,2.8129,-16542.5750,0.0000
86.1500,-3504.4170,2.8129,-16542.5750,0.0000
86.2000,-3504.4170,2.8129,-16542.5750,0.0000
86.2500,-3504.4170,2.8129,-16542.5750,0.0000
86.3000,-3504.4170,2.8129,-16542.5750,0.0000
86.3500,-3504.4170,2.8129,-16542.5750,0.0000
86.4000,-3504.4170,2.8129,-16542.5750,0.0000
86.4500,-3504.4170,2.8129,-16542.5750,0.0000
86.5000,-3504.4170,2.8129,-16542.5750,0.0000
86.5500,-3504.4170,2.8129,-16542.5750,0.0000
86.6000,-3504.4170,2.8129,-16542.5750,0.0000
86.6500,-3504.4170,2.8129,-16542.5750,0.0000
86.7000,-3504.4170,2.8129,-16542.5750,0.0000
86.7500,-3504.4170,2.8129,-16542.5750,0.0000
86.8000,-3504.4170,2.8129,-16542.5750,0.0000
86.8500,-3504.4170,2.8129,-16542.5750,0.0000
86.9000,-3504.4170,2.8129,-16542.5750,0.0000
86.9500,-3504.4170,2.8129,-16542.5750,0.0000
87.0000,-3504.4170,2.8129,-16542.5750,0.0000
87.0500,-3504.4170,2.8129,-16542.5750,0.0000
87.1000,-3504.4170,2.8129,-16542.5750,0.0000
87.1500,-3504.4170,2.8129,-16542.5750,0.0000
87.2000,-3504.4170,2.8129,-16542.5750,0.0000
87.2500,-3504.4170,2.8129,-16542.5750,0.0000
87.3000,-3504.4170,2.8129,-16542.5750,0.0000
87.3500,-3504.4170,2.8129,-16542.5750,0.0000
87.4000,-3504.4170,2.8129,-16542.5750,0.0000
87.4500,-3504.4170,2.8129,-16542.5750,0.0000
87.5000,-3504.4170,2.8129,-16542.5750,0.0000
87.5500,-3504.4170,2.8129,-16542.5750,0.0000
87.6000,-3504.4170,2.8129,-16542.5750,0.0000
87.6500,-3504.4170,2.8129,-16542.5750,0.0000
87.7000,-3504.4170,2.8129,-16542.5750,0.0000
87.7500,-3504.4170,2.8129,-16542.5750,0.0000
87.8000,-3504.4170,2.8129,-16542.5750,0.0000
87.8500,-3504.4170,2.8129,-16542.5750,0.0000
87.9000,-3504.4170,2.8129,-16542.5750,0.0000
87.9500,-3504.4170,2.8129,-16542.5750,0.0000
88.0000,-3504.4170,2.8129,-16542.5750,0.0000
88.0500,-3504.4170,2.8129,-16542.5750,0.0000
88.1000,-3504.4170,2.8129,-16542.5750,0.0000
88.1500,-3504.4170,2.8129,-16542.5750,0.0000
88.2000,-3504.4170,2.8129,-16542.5750,0.0000
88.2500,-3504.4170,2.8129,-16542.5750,0.0000
88.3000,-3504.4170,2.8129,-16542.5750,0.0000
88.3500,-3504.4170,2.8129,-16542.5750,0.0000
88.4000,-3504.4170,2.8129,-16542.5750,0.0000
88.4500,-3504.4170,2.8129,-16542.5750,0.0000
88.5000,-3504.4170,2.8129,-16542.5750,0.0000
88.5500,-3504.4170,2.8129,-16542.5750,0.0000
88.6000,-3504.4170,2.8129,-16542.5750,0.0000
88.6500,-3504.4170,2.8129,-16542.5750,0.0000
88.7000,-3504.4170,2.8129,-16542.5750,0.0000
88.7500,-3504.4170,2.8129,-16542.5750,0.0000
88.8000,-3504.4170,2.8129,-16542.5750,0.0000
88.8500,-3504.4170,2.8129,-16542.5750,0.0000
88.9000,-3504.4170,2.8129,-16542.5750,0.0000
88.9500,-3504.4170,2.8129,-16542.5750,0.0000
89.0000,-3504.4170,2.8129,-16542.5750,0.0000
89.0500,-3504.4170,2.8129,-16542.5750,0.0000
89.1000,-3504.4170,2.8129,-16542.5750,0.0000
89.1500,-3504.4170,2.8129,-16542.5750,0.0000
89.2000,-3504.4170,2.8129,-16542.5750,0.0000
89.2500,-3504.4170,2.8129,-16542.5750,0.0000
89.3000,-3504.4170,2.8129,-16542.5750,0.0000
89.3500,-3504.4170,2.8129,-16542.5750,0.0000
89.4000,-3504.4170,2.8129,-16542.5750,0.0000
89.4500,-3504.4170,2.8129,-16542.5750,0.0000
89.5000,-3504.4170,2.8129,-16542.5750,0.0000
89.5500,-3504.4170,2.8129,-16542.5750,0.0000
89.6000,-3504.4170,2.8129,-16542.5750,0.0000
89.6500,-3504.4170,2.8129,-16542.5750,0.0000
89.7000,-3504.4170,2.8129,-16542.5750,0.0000
89.7500,-3504.4170,2.8129,-16542.5750,0.0000
89.8000,-3504.4170,2.8129,-16542.5750,0.0000
89.8500,-3504.4170,2.8129,-16542.5750,0.0000
89.9000,-3504.4170,2.8129,-16542.5750,0.0000
89.9500,-3504.4170,2.8129,-16542.5750,0.0000
90.0000,-3504.4170,2.8129,-16542.5750,0.0000
90.0500,-3504.4170,2.8129,-16542.5750,0.0000
90.1000,-3504.4170,2.8129,-16542.5750,0.0000
90.1500,-3504.4170,2.8129,-16542.5750,0.0000
90.2000,-3504.4170,2.8129,-16542.5750,0.0000
90.2500,-3504.4170,2.8129,-16542.5750,0.0000
90.3000,-3504.4170,2.8129,-16542.5750,0.0000
90.3500,-3504.4170,2.8129,-16542.5750,0.0000
90.4000,-3504.4170,2.8129,-16542.5750,0.0000
90.4500,-3504.4170,2.8129,-16542.5750,0.0000
90.5000,-3504.4170,2.8129,-16542.5750,0.0000
90.5500,-3504.4170,2.8129,-16542.5750,0.0000
90.6000,-3504.4170,2.8129,-16542.5750,0.0000
90.6500,-3504.4170,2.8129,-16542.5750,0.0000
90.7000,-3504.4170,2.8129,-16542.5750,0.0000
90.7500,-3504.4170,2.8129,-16542.5750,0.0000
90.8000,-3504.4170,2.8129,-16542.5750,0.0000
90.8500,-3504.4170,2.8129,-16542.5750,0.0000
90.9000,-3504.4170,2.8129,-16542.5750,0.0000
90.9500,-3504.4170,2.8129,-16542.5750,0.0000
91.0000,-3504.4170,2.8129,-16542.5750,0.0000
91.0500,-3504.4170,2.8129,-16542.5750,0.0000
91.1000,-3504.4170,2.8129,-16542.5750,0.0000
91.1500,-3504.4170,2.8129,-16542.5750,0.0000
91.2000,-3504.4170,2.8129,-16542.5750,0.0000
91.2500,-3504.4170,2.8129,-16542.5750,0.0000
91.3000,-3504.4170,2.8129,-16542.5750,0.0000
91.3500,-3504.4170,2.8129,-16542.5750,0.0000
91.4000,-3504.4170,2.8129,-16542.5750,0.0000
91.4500,-3504.4170,2.8129,-16542.5750,0.0000
91.5000,-3504.4170,2.8129,-16542.5750,0.0000
91.5500,-3504.4170,2.8129,-16542.5750,0.0000
91.6000,-3504.4170,2.8129,-16542.5750,0.0000
91.6500,-3504.4170,2.8129,-16542.5750,0.0000
91.7000,-3504.4170,2.8129,-16542.5750,0.0000
91.7500,-3504.4170,2.8129,-16542.5750,0.0000
91.8000,-3504.4170,2.8129,-16542.5750,0.0000
91.8500,-3504.4170,2.8129,-16542.5750,0.0000
91.9000,-3504.4170,2.8129,-16542.5750,0.0000
91.9500,-3504.4170,2.8129,-16542.5750,0.0000
92.0000,-3504.4170,2.8129,-16542.5750,0.0000
92.0500,-3504.4170,2.8129,-16542.5750,0.0000
92.1000,-3504.4170,2.8129,-16542.5750,0.0000
92.1500,-3504.4170,2.8129,-16542.5750,0.0000
92.2000,-3504.4170,2.8129,-16542.5750,0.0000
92.2500,-3504.4170,2.8129,-16542.5750,0.0000
92.3000,-3504.4170,2.8129,-16542.5750,0.0000
92.3500,-3504.4170,2.8129,-16542.5750,0.0000
92.4000,-3504.4170,2.8129,-16542.5750,0.0000
92.4500,-3504.4170,2.8129,-16542.5750,0.0000
92.5000,-3504.4170,2.8129,-16542.5750,0.0000
92.5500,-3504.4170,2.8129,-16542.5750,0.0000
92.6000,-3504.4170,2.8129,-16542.5750,0.0000
92.6500,-3504.4170,2.8129,-16542.5750,0.0000
92.7000,-3504.4170,2.8129,-16542.5750,0.0000
92.7500,-3504.4170,2.8129,-16542.5750,0.0000
92.8000,-3504.4170,2.8129,-16542.5750,0.0000
92.8500,-3504.4170,2.8129,-16542.5750,0.0000
92.9000,-3504.4170,2.8129,-16542.5750,0.0000
92.9500,-3504.4170,2.8129,-16542.5750,0.0000
93.0000,-3504.4170,2.8129,-16542.5750,0.0000
93.0500,-3504.4170,2.8129,-16542.5750,0.0000
93.1000,-3504.4170,2.8129,-16542.5750,0.0000
93.1500,-3504.4170,2.8129,-16542.5750,0.0000
93.2000,-3504.4170,2.8129,-16542.5750,0.0000
93.2500,-3504.4170,2.8129,-16542.5750,0.0000
93.3000,-3504.4170,2.8129,-16542.5750,0.0000
93.3500,-3504.4170,2.8129,-16542.5750,0.0000
93.4000,-3504.4170,2.8129,-16542.5750,0.0000
93.4500,-3504.4170,2.8129,-16542.5750,0.0000
93.5000,-3504.4170,2.8129,-16542.5750,0.0000
93.5500,-3504.4170,2.8129,-16542.5750,0.0000
93.6000,-3504.4170,2.8129,-16542.5750,0.0000
93.6500,-3504.4170,2.8129,-16542.5750,0.0000
93.7000,-3504.4170,2.8129,-16542.5750,0.0000
93.7500,-3504.4170,2.8129,-16542.5750,0.0000
93.8000,-3504.4170,2.8129,-16542.5750,0.0000
93.8500,-3504.4170,2.8129,-16542.5750,0.0000
93.9000,-3504.4170,2.8129,-16542.5750,0.0000
93.9500,-3504.4170,2.8129,-16542.5750,0.0000
94.0000,-3504.4170,2.8129,-16542.5750,0.0000
94.0500,-3504.4170,2.8129,-16542.5750,0.0000
94.1000,-3504.4170,2.8129,-16542.5750,0.0000
94.1500,-3504.4170,2.8129,-16542.5750,0.0000
94.2000,-3504.4170,2.8129,-16542.5750,0.0000
94.2500,-3504.4170,2.8129,-16542.5750,0.0000
94.3000,-3504.4170,2.8129,-16542.5750,0.0000
94.3500,-3504.4170,2.8129,-16542.5750,0.0000
94.4000,-3504.4170,2.8129,-16542.5750,0.0000
94.4500,-3504.4170,2.8129,-16542.5750,0.0000
94.5000,-3504.4170,2.8129,-16542.5750,0.0000
94.5500,-3504.4170,2.8129,-16542.5750,0.0000
94.6000,-3504.4170,2.8129,-16542.5750,0.0000
94.6500,-3504.4170,2.8129,-16542.5750,0.0000
94.7000,-3504.4170,2.8129,-16542.5750,0.0000
94.7500,-3504.4170,2.8129,-16542.5750,0.0000
94.8000,-3504.4170,2.8129,-16542.5750,0.0000
94.8500,-3504.4170,2.8129,-16542.5750,0.0000
94.9000,-3504.4170,2.8129,-16542.5750,0.0000
94.9500,-3504.4170,2.8129,-16542.5750,0.0000
95.0000,-3504.4170,2.8129,-16542.5750,0.0000
95.0500,-3504.4170,2.8129,-16542.5750,0.0000
95.1000,-3504.4170,2.8129,-16542.5750,0.0000
95.1500,-3504.4170,2.8129,-16542.5750,0.0000
95.2000,-3504.4170,2.8129,-16542.5750,0.0000
95.2500,-3504.4170,2.8129,-16542.5750,0.0000
95.3000,-3504.4170,2.8129,-16542.5750,0.0000
95.3500,-3504.4170,2.8129,-16542.5750,0.0000
95.4000,-3504.4170,2.8129,-16542.5750,0.0000
95.4500,-3504.4170,2.8129,-16542.5750,0.0000
95.5000,-3504.4170,2.8129,-16542.5750,0.0000
95.5500,-3504.4170,2.8129,-16542.5750,0.0000
95.6000,-3504.4170,2.8129,-16542.5750,0.0000
95.6500,-3504.4170,2.8129,-16542.5750,0.0000
95.7000,-3504.4170,2.8129,-16542.5750,0.0000
95.7500,-3504.4170,2.8129,-16542.5750,0.0000
95.8000,-3504.4170,2.8129,-16542.5750,0.0000
95.8500,-3504.4170,2.8129,-16542.5750,0.0000
95.9000,-3504.4170,2.8129,-16542.5750,0.0000
95.9500,-3504.4170,2.8129,-16542.5750,0.0000
96.0000,-3504.4170,2.8129,-16542.5750,0.0000
96.0500,-3504.4170,2.8129,-16542.5750,0.0000
96.1000,-3504.4170,2.8129,-16542.5750,0.0000
96.1500,-3504.4170,2.8129,-16542.5750,0.0000
96.2000,-3504.4170,2.8129,-16542.5750,0.0000
96.2500,-3504.4170,2.8129,-16542.5750,0.0000
96.3000,-3504.4170,2.8129,-16542.5750,0.0000
96.3500,-3504.4170,2.8129,-16542.5750,0.0000
96.4000,-3504.4170,2.8129,-16542.5750,0.0000
96.4500,-3504.4170,2.8129,-16542.5750,0.0000
96.5000,-3504.4170,2.8129,-16542.5750,0.0000
96.5500,-3504.4170,2.8129,-16542.5750,0.0000
96.6000,-3504.4170,2.8129,-16542.5750,0.0000
96.6500,-3504.4170,2.8129,-16542.5750,0.0000
96.7000,-3504.4170,2.8129,-16542.5750,0.0000
96.7500,-3504.4170,2.8129,-16542.5750,0.0000
96.8000,-3504.4170,2.8129,-16542.5750,0.0000
96.8500,-3504.4170,2.8129,-16542.5750,0.0000
96.9000,-3504.4170,2.8129,-16542.5750,0.0000
96.9500,-3504.4170,2.8129,-16542.5750,0.0000
97.0000,-3504.4170,2.8129,-16542.5750,0.0000
97.0500,-3504.4170,2.8129,-16542.5750,0.0000
97.1000,-3504.4170,2.8129,-16542.5750,0.0000
97.1500,-3504.4170,2.8129,-16542.5750,0.0000
97.2000,-3504.4170,2.8129,-16542.5750,0.0000
97.2500,-3504.4170,2.8129,-16542.5750,0.0000
97.3000,-3504.4170,2.8129,-16542.5750,0.0000
97.3500,-3504.4170,2.8129,-16542.5750,0.0000
97.4000,-3504.4170,2.8129,-16542.5750,0.0000
97.4500,-3504.4170,2.8129,-16542.5750,0.0000
97.5000,-3504.4170,2.8129,-16542.5750,0.0000
97.5500,-3504.4170,2.8129,-16542.5750,0.0000
97.6000,-3504.4170,2.8129,-16542.5750,0.0000
97.6500,-3504.4170,2.8129,-16542.5750,0.0000
97.7000,-3504.4170,2.8129,-16542.5750,0.0000
97.7500,-3504.4170,2.8129,-16542.5750,0.0000
97.8000,-3504.4170,2.8129,-16542.5750,0.0000
97.8500,-3504.4170,2.8129,-16542.5750,0.0000
97.9000,-3504.4170,2.8129,-16542.5750,0.0000
97.9500,-3504.4170,2.8129,-16542.5750,0.0000
98.0000,-3504.4170,2.8129,-16542.5750,0.0000
98.0500,-3504.4170,2.8129,-16542.5750,0.0000
98.1000,-3504.4170,2.8129,-16542.5750,0.0000
98.1500,-3504.4170,2.8129,-16542.5750,0.0000
98.2000,-3504.4170,2.8129,-16542.5750,0.0000
98.2500,-3504.4170,2.8129,-16542.5750,0.0000
98.3000,-3504.4170,2.8129,-16542.5750,0.0000
98.3500,-3504.4170,2.8129,-16542.5750,0.0000
98.4000,-3504.4170,2.8129,-16542.5750,0.0000
98.4500,-3504.4170,2.8129,-16542.5750,0.0000
98.5000,-3504.4170,2.8129,-16542.5750,0.0000
98.5500,-3504.4170,2.8129,-16542.5750,0.0000
98.6000,-3504.4170,2.8129,-16542.5750,0.0000
98.6500,-3504.4170,2.8129,-16542.5750,0.0000
98.7000,-3504.4170,2.8129,-16542.5750,0.0000
98.7500,-3504.4170,2.8129,-16542.5750,0.0000
98.8000,-3504.4170,2.8129,-16542.5750,0.0000
98.8500,-3504.4170,2.8129,-16542.5750,0.0000
98.9000,-3504.4170,2.8129,-16542.5750,0.0000
98.9500,-3504.4170,2.8129,-16542.5750,0.0000
99.0000,-3504.4170,2.8129,-16542.5750,0.0000
99.0500,-3504.4170,2.8129,-16542.5750,0.0000
99.1000,-3504.4170,2.8129,-16542.5750,0.0000
99.1500,-3504.4170,2.8129,-16542.5750,0.0000
99.2000,-3504.4170,2.8129,-16542.5750,0.0000
99.2500,-3504.4170,2.8129,-16542.5750,0.0000
99.3000,-3504.4170,2.8129,-16542.5750,0.0000
99.3500,-3504.4170,2.8129,-16542.5750,0.0000
99.4000,-3504.4170,2.8129,-16542.5750,0.0000
99.4500,-3504.4170,2.8129,-16542.5750,0.0000
99.5000,-3504.4170,2.8129,-16542.5750,0.0000
99.5500,-3504.4170,2.8129,-16542.5750,0.0000
99.6000,-3504.4170,2.8129,-16542.5750,0.0000
99.6500,-3504.4170,2.8129,-16542.5750,0.0000
99.7000,-3504.4170,2.8129,-16542.5750,0.0000
99.7500,-3504.4170,2.8129,-16542.5750,0.0000
99.8000,-3504.4170,2.8129,-16542.5750,0.0000
99.8500,-3504.4170,2.8129,-16542.5750,0.0000
99.9000,-3504.4170,2.8129,-16542.5750,0.0000
99.9500,-3504.4170,2.8129,-16542.5750,0.0000
100.0000,-3504.4170,2.8129,-16542.5750,0.0000
100.0500,-3504.4170,2.8129,-16542.5750,0.0000
100.1000,-3504.4170,2.8129,-16542.5750,0.0000
100.1500,-3504.4170,2.8129,-16542.5750,0.0000
100.2000,-3504.4170,2.8129,-16542.5750,0.0000
100.2500,-3504.4170,2.8129,-16542.5750,0.0000
100.3000,-3504.4170,2.8129,-16542.5750,0.0000
100.3500,-3504.4170,2.8129,-16542.5750,0.0000
100.4000,-3504.4170,2.8129,-16542.5750,0.0000
100.4500,-3504.4170,2.8129,-16542.5750,0.0000
100.5000,-3504.4170,2.8129,-16542.5750,0.0000
100.5500,-3504.4170,2.8129,-16542.5750,0.0000
100.6000,-3504.4170,2.8129,-16542.5750,0.0000
100.6500,-3504.4170,2.8129,-16542.5750,0.0000
100.7000,-3504.4170,2.8129,-16542.5750,0.0000
100.7500,-3504.4170,2.8129,-16542.5750,0.0000
100.8000,-3504.4170,2.8129,-16542.5750,0.0000
100.8500,-3504.4170,2.8129,-16542.5750,0.0000
100.9000,-3504.4170,2.8129,-16542.5750,0.0000
100.9500,-3504.4170,2.8129,-16542.5750,0.0000
101.0000,-3504.4170,2.8129,-16542.5750,0.0000
101.0500,-3504.4170,2.8129,-16542.5750,0.0000
101.1000,-3504.4170,2.8129,-16542.5750,0.0000
101.1500,-3504.4170,2.8129,-16542.5750,0.0000
101.2000,-3504.4170,2.8129,-16542.5750,0.0000
101.2500,-3504.4170,2.8129,-16542.5750,0.0000
101.3000,-3504.4170,2.8129,-16542.5750,0.0000
101.3500,-3504.4170,2.8129,-16542.5750,0.0000
101.4000,-3504.4170,2.8129,-16542.5750,0.0000
101.4500,-3504.4170,2.8129,-16542.5750,0.0000
101.5000,-3504.4170,2.8129,-16542.5750,0.0000
101.5500,-3504.4170,2.8129,-16542.5750,0.0000
101.6000,-3504.4170,2.8129,-16542.5750,0.0000
101.6500,-3504.4170,2.8129,-16542.5750,0.0000
101.7000,-3504.4170,2.8129,-16542.5750,0.0000
101.7500,-3504.4170,2.8129,-16542.5750,0.0000
101.8000,-3504.4170,2.8129,-16542.5750,0.0000
101.8500,-3504.4170,2.8129,-16542.5750,0.0000
101.9000,-3504.4170,2.8129,-16542.5750,0.0000
101.9500,-3504.4170,2.8129,-16542.5750,0.0000
102.0000,-3504.4170,2.8129,-16542.5750,0.0000
102.0500,-3504.4170,2.8129,-16542.5750,0.0000
102.1000,-3504.4170,2.8129,-16542.5750,0.0000
102.1500,-3504.4170,2.8129,-16542.5750,0.0000
102.2000,-3504.4170,2.8129,-16542.5750,0.0000
102.2500,-3504.4170,2.8129,-16542.5750,0.0000
102.3000,-3504.4170,2.8129,-16542.5750,0.0000
102.3500,-3504.4170,2.8129,-16542.5750,0.0000
102.4000,-3504.4170,2.8129,-16542.5750,0.0000
102.4500,-3504.4170,2.8129,-16542.5750,0.0000
102.5000,-3504.4170,2.8129,-16542.5750,0.0000
102.5500,-3504.4170,2.8129,-16542.5750,0.0000
102.6000,-3504.4170,2.8129,-16542.5750,0.0000
102.6500,-3504.4170,2.8129,-16542.5750,0.0000
102.7000,-3504.4170,2.8129,-16542.5750,0.0000
102.7500,-3504.4170,2.8129,-16542.5750,0.0000
102.8000,-3504.4170,2.8129,-16542.5750,0.0000
102.8500,-3504.4170,2.8129,-16542.5750,0.0000
102.9000,-3504.4170,2.8129,-16542.5750,0.0000
102.9500,-3504.4170,2.8129,-16542.5750,0.0000
103.0000,-3504.4170,2.8129,-16542.5750,0.0000
103.0500,-3504.4170,2.8129,-16542.5750,0.0000
103.1000,-3504.4170,2.8129,-16542.5750,0.0000
103.1500,-3504.4170,2.8129,-16542.5750,0.0000
103.2000,-3504.4170,2.8129,-16542.5750,0.0000
103.2500,-3504.4170,2.8129,-16542.5750,0.0000
103.3000,-3504.4170,2.8129,-16542.5750,0.0000
103.3500,-3504.4170,2.8129,-16542.5750,0.0000
103.4000,-3504.4170,2.8129,-16542.5750,0.0000
103.4500,-3504.4170,2.8129,-16542.5750,0.0000
103.5000,-3504.4170,2.8129,-16542.5750,0.0000
103.5500,-3504.4170,2.8129,-16542.5750,0.0000
103.6000,-3504.4170,2.8129,-16542.5750,0.0000
103.6500,-3504.4170,2.8129,-16542.5750,0.0000
103.7000,-3504.4170,2.8129,-16542.5750,0.0000
103.7500,-3504.4170,2.8129,-16542.5750,0.0000
103.8000,-3504.4170,2.8129,-16542.5750,0.0000
103.8500,-3504.4170,2.8129,-16542.5750,0.0000
103.9000,-3504.4170,2.8129,-16542.5750,0.0000
103.9500,-3504.4170,2.8129,-16542.5750,0.0000
104.0000,-3504.4170,2.8129,-16542.5750,0.0000
104.0500,-3504.4170,2.8129,-16542.5750,0.0000
104.1000,-3504.4170,2.8129,-16542.5750,0.0000
104.1500,-3504.4170,2.8129,-16542.5750,0.0000
104.2000,-3504.4170,2.8129,-16542.5750,0.0000
104.2500,-3504.4170,2.8129,-16542.5750,0.0000
104.3000,-3504.4170,2.8129,-16542.5750,0.0000
104.3500,-3504.4170,2.8129,-16542.5750,0.0000
104.4000,-3504.4170,2.8129,-16542.5750,0.0000
104.4500,-3504.4170,2.8129,-16542.5750,0.0000
104.5000,-3504.4170,2.8129,-16542.5750,0.0000
104.5500,-3504.4170,2.8129,-16542.5750,0.0000
104.6000,-3504.4170,2.8129,-16542.5750,0.0000
104.6500,-3504.4170,2.8129,-16542.5750,0.0000
104.7000,-3504.4170,2.8129,-16542.5750,0.0000
104.7500,-3504.4170,2.8129,-16542.5750,0.0000
104.8000,-3504.4170,2.8129,-16542.5750,0.0000
104.8500,-3504.4170,2.8129,-16542.5750,0.0000
104.9000,-3504.4170,2.8129,-16542.5750,0.0000
104.9500,-3504.4170,2.8129,-16542.5750,0.0000
105.0000,-3504.4170,2.8129,-16542.5750,0.0000
105.0500,-3504.4170,2.8129,-16542.5750,0.0000
105.1000,-3504.4170,2.8129,-16542.5750,0.0000
105.1500,-3504.4170,2.8129,-16542.5750,0.0000
105.2000,-3504.4170,2.8129,-16542.5750,0.0000
105.2500,-3504.4170,2.8129,-16542.5750,0.0000
105.3000,-3504.4170,2.8129,-16542.5750,0.0000
105.3500,-3504.4170,2.8129,-16542.5750,0.0000
105.4000,-3504.4170,2.8129,-16542.5750,0.0000
105.4500,-3504.4170,2.8129,-16542.5750,0.0000
105.5000,-3504.4170,2.8129,-16542.5750,0.0000
105.5500,-3504.4170,2.8129,-16542.5750,0.0000
105.6000,-3504.4170,2.8129,-16542.5750,0.0000
105.6500,-3504.4170,2.8129,-16542.5750,0.0000
105.7000,-3504.4170,2.8129,-16542.5750,0.0000
105.7500,-3504.4170,2.8129,-16542.5750,0.0000
105.8000,-3504.4170,2.8129,-16542.5750,0.0000
105.8500,-3504.4170,2.8129,-16542.5750,0.0000
105.9000,-3504.4170,2.8129,-16542.5750,0.0000
105.9500,-3504.4170,2.8129,-16542.5750,0.0000
106.0000,-3504.4170,2.8129,-16542.5750,0.0000
106.0500,-3504.4170,2.8129,-16542.5750,0.0000
106.1000,-3504.4170,2.8129,-16542.5750,0.0000
106.1500,-3504.4170,2.8129,-16542.5750,0.0000
106.2000,-3504.4170,2.8129,-16542.5750,0.0000
106.2500,-3504.4170,2.8129,-16542.5750,0.0000
106.3000,-3504.4170,2.8129,-16542.5750,0.0000
106.3500,-3504.4170,2.8129,-16542.5750,0.0000
106.4000,-3504.4170,2.8129,-16542.5750,0.0000
106.4500,-3504.4170,2.8129,-16542.5750,0.0000
106.5000,-3504.4170,2.8129,-16542.5750,0.0000
