Local_time,Main_road,Road ID,Lane_ID,Position_X,Position_Z,Speed,Participant_leader_ID,Participant_follower_ID,Message_Played,messageId,Driving_Mode,Participant_Presses_button,Participant_Indicates,Participant_Indicate_back,Participant_Brakes,Participant_is_hit_from_behind,Participant_crashes_its_leader,Participants_TrafficLightAhead_ID,Participants_TrafficLightAhead_State,Participants_TrafficLightBehind_ID,Participants_TrafficLightBehind_State,Spacing,Speed_Difference,Steering_Wheel_Angle,Participant_HandsOn_SteeringWheel,Partiticipant_Press_Pedal
0.5,0,Road ID,N/A,-3166.7287,-17702.866,1.3251,0,,Auto-driving,3,0,-1,0,red,N/A,N/A,N/A,N/A,0.3000044494689424,0.0,0.0
0.55,0,Road ID,N/A,-3166.7508,-17702.7944,1.4996,0,,Auto-driving,3,0,-1,0,red,N/A,N/A,N/A,N/A,0.30000460982839583,0.0,0.0
0.6,0,Road ID,N/A,-3166.7756,-17702.7144,1.6743,0,,Auto-driving,3,0,-1,0,red,N/A,N/A,N/A,N/A,0.30000473982958725,0.0,0.0
0.65,0,Road ID,N/A,-3166.8029,-17702.6261,1.8491,0,,Auto-driving,3,0,-1,0,red,N/A,N/A,N/A,N/A,0.3000048450555429,0.0,0.0
0.7,0,Road ID,N/A,-3166.8328,-17702.5294,2.0241,0,,Auto-driving,3,0,-1,0,red,N/A,N/A,N/A,N/A,0.30000493008355056,0.0,0.0
0.75,0,Road ID,N/A,-3166.8653,-17702.4244,2.1992,0,,Auto-driving,3,0,-1,0,red,N/A,N/A,N/A,N/A,0.3000049986775018,0.0,0.0
0.8,0,Road ID,N/A,-3166.9004,-17702.3109,2.3743,0,,Auto-driving,3,0,-1,0,red,N/A,N/A,N/A,N/A,0.30000505392997295,0.0,0.0
0.85,0,Road ID,N/A,-3166.938,-17702.1892,2.5495,0,,Auto-driving,3,0,-1,0,red,N/A,N/A,N/A,N/A,0.3000050983735188,0.0,0.0
0.9,0,Road ID,N/A,-3166.9783,-17702.059,2.7248,0,,Auto-driving,3,0,-1,0,red,N/A,N/A,N/A,N/A,0.3000051340754295,0.0,0.0
0.95,0,Road ID,N/A,-3167.0212,-17701.9205,2.9,0,,Auto-driving,3,0,-1,0,red,N/A,N/A,N/A,N/A,0.3000051627183378,0.0,0.0
1.0,0,Road ID,N/A,-3167.0666,-17701.7736,3.0753,0,,Auto-driving,3,0,-1,0,red,N/A,N/A,N/A,N/A,0.30000518566857354,0.0,0.0
1.05,0,Road ID,N/A,-3167.1146,-17701.6183,3.2506,0,,Auto-driving,3,0,-1,0,red,N/A,N/A,N/A,N/A,0.30000520403217584,0.0,0.0
1.1,0,Road ID,N/A,-3167.1652,-17701.4547,3.4259,0,,Auto-driving,3,0,-1,0,red,N/A,N/A,N/A,N/A,0.3000052187038472,0.0,0.0
1.15,0,Road ID,N/A,-3167.2185,-17701.2827,3.6012,0,,Auto-driving,3,0,-1,0,red,N/A,N/A,N/A,N/A,0.3000052304054123,0.0,0.0
1.2,0,Road ID,N/A,-3167.2743,-17701.1023,3.7765,0,,Auto-driving,3,0,-1,0,red,N/A,N/A,N/A,N/A,0.30000523971911297,0.0,0.0
1.25,0,Road ID,N/A,-3167.3326,-17700.9135,3.9518,0,,Auto-driving,3,0,-1,0,red,N/A,N/A,N/A,N/A,0.30000524711407583,0.0,0.0
1.3,0,Road ID,N/A,-3167.3936,-17700.7164,4.127,0,,Auto-driving,3,0,-1,0,red,N/A,N/A,N/A,N/A,0.3000052529674779,0.0,0.0
1.35,0,Road ID,N/A,-3167.4572,-17700.5109,4.3023,0,,Auto-driving,3,0,-1,0,red,N/A,N/A,N/A,N/A,0.3000052575825664,0.0,0.0
1.4,0,Road ID,N/A,-3167.5234,-17700.297,4.4776,0,,Auto-driving,3,0,-1,0,red,N/A,N/A,N/A,N/A,0.3000052612038458,0.0,0.0
1.45,0,Road ID,N/A,-3167.5921,-17700.0747,4.6528,0,,Auto-driving,3,0,-1,0,red,N/A,N/A,N/A,N/A,0.3000052640272958,0.0,0.0
1.5,0,Road ID,N/A,-3167.6634,-17699.8441,4.828,0,,Auto-driving,3,0,-1,0,red,N/A,N/A,N/A,N/A,0.30000526621019846,0.0,0.0
1.55,0,Road ID,N/A,-3167.7374,-17699.6051,5.0032,0,,Auto-driving,3,0,-1,0,red,N/A,N/A,N/A,N/A,0.30000526787933013,0.0,0.0
1.6,0,Road ID,N/A,-3167.8139,-17699.3578,5.1784,0,,Auto-driving,3,0,-1,0,red,N/A,N/A,N/A,N/A,0.30000526913595127,0.0,0.0
1.65,0,Road ID,N/A,-3167.893,-17699.102,5.3536,0,,Auto-driving,3,0,-1,0,red,N/A,N/A,N/A,N/A,0.30000527006160393,0.0,0.0
1.7,0,Road ID,N/A,-3167.9747,-17698.838,5.5288,0,,Auto-driving,3,0,-1,0,red,N/A,N/A,N/A,N/A,0.30000527072180533,0.0,0.0
1.75,0,Road ID,N/A,-3168.059,-17698.5655,5.704,0,,Auto-driving,3,0,-1,0,red,N/A,N/A,N/A,N/A,0.30000527116926506,0.0,0.0
1.8,0,Road ID,N/A,-3168.1458,-17698.2847,5.8791,0,,Auto-driving,3,0,-1,0,red,N/A,N/A,N/A,N/A,0.3000052714459694,0.0,0.0
1.85,0,Road ID,N/A,-3168.2353,-17697.9955,6.0542,0,,Auto-driving,3,0,-1,0,red,N/A,N/A,N/A,N/A,0.30000527158561385,0.0,0.0
1.9,0,Road ID,N/A,-3168.3273,-17697.6979,6.2293,0,,Auto-driving,3,0,-1,0,red,N/A,N/A,N/A,N/A,0.3000052716152843,0.0,0.0
1.95,0,Road ID,N/A,-3168.422,-17697.392,6.4044,0,,Auto-driving,3,0,-1,0,red,N/A,N/A,N/A,N/A,0.30000527155682716,0.0,0.0
2.0,0,Road ID,N/A,-3168.5192,-17697.0777,6.5795,0,,Auto-driving,3,0,-1,0,red,N/A,N/A,N/A,N/A,0.3000052714275092,0.0,0.0
2.05,0,Road ID,N/A,-3168.619,-17696.7551,6.7545,0,,Auto-driving,3,0,-1,0,red,N/A,N/A,N/A,N/A,0.30000527124149096,0.0,0.0
2.1,0,Road ID,N/A,-3168.7214,-17696.4241,6.9296,0,,Auto-driving,3,0,-1,0,red,N/A,N/A,N/A,N/A,0.3000052710101112,0.0,0.0
2.15,0,Road ID,N/A,-3168.8264,-17696.0847,7.1046,0,,Auto-driving,3,0,-1,0,red,N/A,N/A,N/A,N/A,0.3000052707424827,0.0,0.0
2.2,0,Road ID,N/A,-3168.9339,-17695.737,7.2796,0,,Auto-driving,3,0,-1,0,red,N/A,N/A,N/A,N/A,0.3000052704455666,0.0,0.0
2.25,0,Road ID,N/A,-3169.0441,-17695.3809,7.4546,0,,Auto-driving,3,0,-1,0,red,N/A,N/A,N/A,N/A,0.3000052701253143,0.0,0.0
2.3,0,Road ID,N/A,-3169.1568,-17695.0165,7.6296,0,,Auto-driving,3,0,-1,0,red,N/A,N/A,N/A,N/A,0.3000052697861715,0.0,0.0
2.35,0,Road ID,N/A,-3169.2721,-17694.6437,7.8045,0,,Auto-driving,3,0,-1,0,red,N/A,N/A,N/A,N/A,0.3000052694318902,0.0,0.0
2.4,0,Road ID,N/A,-3169.39,-17694.2625,7.9795,0,,Auto-driving,3,0,-1,0,red,N/A,N/A,N/A,N/A,0.30000526906544994,0.0,0.0
2.45,0,Road ID,N/A,-3169.5105,-17693.873,8.1544,0,,Auto-driving,3,0,-1,0,red,N/A,N/A,N/A,N/A,0.3000052686896616,0.0,0.0
2.5,0,Road ID,N/A,-3169.6336,-17693.4751,8.3293,0,,Auto-driving,3,0,-1,0,red,N/A,N/A,N/A,N/A,0.30000526830587126,0.0,0.0
2.55,0,Road ID,N/A,-3169.7593,-17693.0689,8.5042,0,,Auto-driving,3,0,-1,0,red,N/A,N/A,N/A,N/A,0.30000526791599313,0.0,0.0
2.6,0,Road ID,N/A,-3169.8875,-17692.6544,8.679,0,,Auto-driving,3,0,-1,0,red,N/A,N/A,N/A,N/A,0.3000052675212617,0.0,0.0
2.65,0,Road ID,N/A,-3170.0183,-17692.2314,8.8539,0,,Auto-driving,3,0,-1,0,red,N/A,N/A,N/A,N/A,0.3000052671224539,0.0,0.0
2.7,0,Road ID,N/A,-3170.1517,-17691.8002,9.0287,0,,Auto-driving,3,0,-1,0,red,N/A,N/A,N/A,N/A,0.30000526672022415,0.0,0.0
2.75,0,Road ID,N/A,-3170.2877,-17691.3605,9.2035,0,,Auto-driving,3,0,-1,0,red,N/A,N/A,N/A,N/A,0.3000052663157116,0.0,0.0
2.8,0,Road ID,N/A,-3170.4263,-17690.9126,9.3783,0,,Auto-driving,3,0,-1,0,red,N/A,N/A,N/A,N/A,0.3000052659091128,0.0,0.0
2.85,0,Road ID,N/A,-3170.5675,-17690.4562,9.5531,0,,Auto-driving,3,0,-1,0,red,N/A,N/A,N/A,N/A,0.30000526550060247,0.0,0.0
2.9,0,Road ID,N/A,-3170.7112,-17689.9916,9.7279,0,,Auto-driving,3,0,-1,0,red,N/A,N/A,N/A,N/A,0.3000052650911343,0.0,0.0
2.95,0,Road ID,N/A,-3170.8575,-17689.5186,9.9026,0,,Auto-driving,3,0,-1,0,red,N/A,N/A,N/A,N/A,0.30000526468058675,0.0,0.0
3.0,0,Road ID,N/A,-3171.0064,-17689.0372,10.0774,0,,Auto-driving,3,0,-1,0,red,N/A,N/A,N/A,N/A,0.3000052642692368,0.0,0.0
3.05,0,Road ID,N/A,-3171.1579,-17688.5475,10.2521,0,,Auto-driving,3,0,-1,0,red,N/A,N/A,N/A,N/A,0.30000526385722465,0.0,0.0
3.1,0,Road ID,N/A,-3171.312,-17688.0494,10.4268,0,,Auto-driving,3,0,-1,0,red,N/A,N/A,N/A,N/A,0.3000052634449764,0.0,0.0
3.15,0,Road ID,N/A,-3171.4686,-17687.543,10.6014,0,,Auto-driving,3,0,-1,0,red,N/A,N/A,N/A,N/A,0.3000052630324116,0.0,0.0
3.2,0,Road ID,N/A,-3171.6278,-17687.0283,10.7761,0,,Auto-driving,3,0,-1,0,red,N/A,N/A,N/A,N/A,0.3000052626193529,0.0,0.0
3.25,0,Road ID,N/A,-3171.7897,-17686.5052,10.9508,0,,Auto-driving,3,0,-1,0,red,N/A,N/A,N/A,N/A,0.3000052622060793,0.0,0.0
3.3,0,Road ID,N/A,-3171.954,-17685.9738,11.1254,0,,Auto-driving,3,0,-1,0,red,N/A,N/A,N/A,N/A,0.3000052617926961,0.0,0.0
3.35,0,Road ID,N/A,-3172.121,-17685.434,11.3,0,,Auto-driving,3,0,-1,0,red,N/A,N/A,N/A,N/A,0.300005261379158,0.0,0.0
3.4,0,Road ID,N/A,-3172.2906,-17684.8859,11.4746,0,,Auto-driving,3,0,-1,0,red,N/A,N/A,N/A,N/A,0.30000526096558316,0.0,0.0
3.45,0,Road ID,N/A,-3172.4627,-17684.3295,11.6492,0,,Auto-driving,3,0,-1,0,red,N/A,N/A,N/A,N/A,0.30000526055183924,0.0,0.0
3.5,0,Road ID,N/A,-3172.6374,-17683.7647,11.8237,0,,Auto-driving,3,0,-1,0,red,N/A,N/A,N/A,N/A,0.30000526013798845,0.0,0.0
3.55,0,Road ID,N/A,-3172.8147,-17683.1916,11.9983,0,,Auto-driving,3,0,-1,0,red,N/A,N/A,N/A,N/A,0.30000525972384384,0.0,0.0
3.6,0,Road ID,N/A,-3172.9945,-17682.6101,12.1728,0,,Auto-driving,3,0,-1,0,red,N/A,N/A,N/A,N/A,0.30000525931004757,0.0,0.0
3.65,0,Road ID,N/A,-3173.177,-17682.0203,12.3473,0,,Auto-driving,3,0,-1,0,red,N/A,N/A,N/A,N/A,0.30000525889629037,0.0,0.0
3.7,0,Road ID,N/A,-3173.362,-17681.4222,12.5218,0,,Auto-driving,3,0,-1,0,red,N/A,N/A,N/A,N/A,0.30000525848283255,0.0,0.0
3.75,0,Road ID,N/A,-3173.5496,-17680.8157,12.6963,0,,Auto-driving,3,0,-1,0,red,N/A,N/A,N/A,N/A,0.3000052580691055,0.0,0.0
3.8,0,Road ID,N/A,-3173.7398,-17680.2009,12.8707,0,,Auto-driving,3,0,-1,0,red,N/A,N/A,N/A,N/A,0.30000525765559766,0.0,0.0
3.85,0,Road ID,N/A,-3173.9325,-17679.5778,13.0452,0,,Auto-driving,3,0,-1,0,red,N/A,N/A,N/A,N/A,0.30000525724197075,0.0,0.0
3.9,0,Road ID,N/A,-3174.1279,-17678.9464,13.2196,0,,Auto-driving,3,0,-1,0,red,N/A,N/A,N/A,N/A,0.30000525682856405,0.0,0.0
3.95,0,Road ID,N/A,-3174.3258,-17678.3066,13.394,0,,Auto-driving,3,0,-1,0,red,N/A,N/A,N/A,N/A,0.30000525641482734,0.0,0.0
4.0,0,Road ID,N/A,-3174.5263,-17677.6584,13.5684,0,,Auto-driving,3,0,-1,0,red,N/A,N/A,N/A,N/A,0.300005256001241,0.0,0.0
4.05,0,Road ID,N/A,-3174.7293,-17677.002,13.7428,0,,Auto-driving,3,0,-1,0,red,N/A,N/A,N/A,N/A,0.30000525558776653,0.0,0.0
4.1,0,Road ID,N/A,-3174.935,-17676.3372,13.9171,0,,Auto-driving,3,0,-1,0,red,N/A,N/A,N/A,N/A,0.3000052551742626,0.0,0.0
4.15,0,Road ID,N/A,-3175.1432,-17675.6641,14.0915,0,,Auto-driving,3,0,-1,0,red,N/A,N/A,N/A,N/A,0.3000052547605306,0.0,0.0
4.2,0,Road ID,N/A,-3175.354,-17674.9827,14.2658,0,,Auto-driving,3,0,-1,0,red,N/A,N/A,N/A,N/A,0.3000052543474291,0.0,0.0
4.25,0,Road ID,N/A,-3175.5674,-17674.2929,14.4401,0,,Auto-driving,3,0,-1,0,red,N/A,N/A,N/A,N/A,0.30000525393417193,0.0,0.0
4.3,0,Road ID,N/A,-3175.7833,-17673.5948,14.6144,0,,Auto-driving,3,0,-1,0,red,N/A,N/A,N/A,N/A,0.30000525352123486,0.0,0.0
4.35,0,Road ID,N/A,-3176.0018,-17672.8884,14.7886,0,,Auto-driving,3,0,-1,0,red,N/A,N/A,N/A,N/A,0.3000052531083446,0.0,0.0
4.4,0,Road ID,N/A,-3176.2229,-17672.1737,14.9629,0,,Auto-driving,3,0,-1,0,red,N/A,N/A,N/A,N/A,0.30000525269547,0.0,0.0
4.45,0,Road ID,N/A,-3176.4466,-17671.4507,15.1371,0,,Auto-driving,3,0,-1,0,red,N/A,N/A,N/A,N/A,0.30000525228218283,0.0,0.0
4.5,0,Road ID,N/A,-3176.6728,-17670.7193,15.3113,0,,Auto-driving,3,0,-1,0,red,N/A,N/A,N/A,N/A,0.3000052518693536,0.0,0.0
4.55,0,Road ID,N/A,-3176.9016,-17669.9796,15.4855,0,,Auto-driving,3,0,-1,0,red,N/A,N/A,N/A,N/A,0.30000525145673695,0.0,0.0
4.6,0,Road ID,N/A,-3177.133,-17669.2316,15.6597,0,,Auto-driving,3,0,-1,0,red,N/A,N/A,N/A,N/A,0.3000052510440357,0.0,0.0
4.65,0,Road ID,N/A,-3177.367,-17668.4752,15.8339,0,,Auto-driving,3,0,-1,0,red,N/A,N/A,N/A,N/A,0.30000525063103745,0.0,0.0
4.7,0,Road ID,N/A,-3177.6035,-17667.7106,16.0081,0,,Auto-driving,3,0,-1,0,red,N/A,N/A,N/A,N/A,0.3000052502181972,0.0,0.0
4.75,0,Road ID,N/A,-3177.8426,-17666.9376,16.1822,0,,Auto-driving,3,0,-1,0,red,N/A,N/A,N/A,N/A,0.3000052498054413,0.0,0.0
4.8,0,Road ID,N/A,-3178.0843,-17666.1563,16.3563,0,,Auto-driving,3,0,-1,0,red,N/A,N/A,N/A,N/A,0.3000052493926275,0.0,0.0
4.85,0,Road ID,N/A,-3178.3286,-17665.3667,16.5304,0,,Auto-driving,3,0,-1,0,red,N/A,N/A,N/A,N/A,0.30000524898029574,0.0,0.0
4.9,0,Road ID,N/A,-3178.5754,-17664.5688,16.7045,0,,Auto-driving,3,0,-1,0,red,N/A,N/A,N/A,N/A,0.3000052485681773,0.0,0.0
4.95,0,Road ID,N/A,-3178.8248,-17663.7626,16.8785,0,,Auto-driving,3,0,-1,0,red,N/A,N/A,N/A,N/A,0.30000524815600776,0.0,0.0
5.0,0,Road ID,N/A,-3179.0767,-17662.948,17.0526,0,,Auto-driving,3,0,-1,0,red,N/A,N/A,N/A,N/A,0.30000524774409615,0.0,0.0
5.05,0,Road ID,N/A,-3179.3313,-17662.1252,17.2266,0,,Auto-driving,3,0,-1,0,red,N/A,N/A,N/A,N/A,0.30000524733186185,0.0,0.0
5.1,0,Road ID,N/A,-3179.5884,-17661.294,17.4006,0,,Auto-driving,3,0,-1,0,red,N/A,N/A,N/A,N/A,0.30000524691952823,0.0,0.0
5.15,0,Road ID,N/A,-3179.8481,-17660.4545,17.5746,0,,Auto-driving,3,0,-1,0,red,N/A,N/A,N/A,N/A,0.3000052465072505,0.0,0.0
5.2,0,Road ID,N/A,-3180.1103,-17659.6067,17.7486,0,,Auto-driving,3,0,-1,0,red,N/A,N/A,N/A,N/A,0.3000052460949924,0.0,0.0
5.25,0,Road ID,N/A,-3180.3752,-17658.7506,17.9226,0,,Auto-driving,3,0,-1,0,red,N/A,N/A,N/A,N/A,0.30000524568276055,0.0,0.0
5.3,0,Road ID,N/A,-3180.6426,-17657.8862,18.0965,0,,Auto-driving,3,0,-1,0,red,N/A,N/A,N/A,N/A,0.30000524527043226,0.0,0.0
5.35,0,Road ID,N/A,-3180.9125,-17657.0135,18.2705,0,,Auto-driving,3,0,-1,0,red,N/A,N/A,N/A,N/A,0.30000524485832963,0.0,0.0
5.4,0,Road ID,N/A,-3181.1851,-17656.1324,18.4444,0,,Auto-driving,3,0,-1,0,red,N/A,N/A,N/A,N/A,0.3000052444466518,0.0,0.0
5.45,0,Road ID,N/A,-3181.4602,-17655.2431,18.6183,0,,Auto-driving,3,0,-1,0,red,N/A,N/A,N/A,N/A,0.3000052440346973,0.0,0.0
5.5,0,Road ID,N/A,-3181.7378,-17654.3455,18.7921,0,,Auto-driving,3,0,-1,0,red,N/A,N/A,N/A,N/A,0.3000052436231065,0.0,0.0
5.55,0,Road ID,N/A,-3182.0181,-17653.4395,18.966,0,,Auto-driving,3,0,-1,0,red,N/A,N/A,N/A,N/A,0.3000052432113383,0.0,0.0
5.6,0,Road ID,N/A,-3182.3009,-17652.5253,19.1398,0,,Auto-driving,3,0,-1,0,red,N/A,N/A,N/A,N/A,0.3000052427995395,0.0,0.0
5.65,0,Road ID,N/A,-3182.5863,-17651.6027,19.3137,0,,Auto-driving,3,0,-1,0,red,N/A,N/A,N/A,N/A,0.30000524238732745,0.0,0.0
5.7,0,Road ID,N/A,-3182.8742,-17650.6719,19.4875,0,,Auto-driving,3,0,-1,0,red,N/A,N/A,N/A,N/A,0.300005241975762,0.0,0.0
5.75,0,Road ID,N/A,-3183.1647,-17649.7327,19.6613,0,,Auto-driving,3,0,-1,0,red,N/A,N/A,N/A,N/A,0.30000524156390496,0.0,0.0
5.8,0,Road ID,N/A,-3183.4578,-17648.7852,19.835,0,,Auto-driving,3,0,-1,0,red,N/A,N/A,N/A,N/A,0.3000052411526193,0.0,0.0
5.85,0,Road ID,N/A,-3183.7535,-17647.8295,20.0088,0,,Auto-driving,3,0,-1,0,red,N/A,N/A,N/A,N/A,0.30000524074109486,0.0,0.0
5.9,0,Road ID,N/A,-3184.0517,-17646.8654,20.1825,0,,Auto-driving,3,0,-1,0,red,N/A,N/A,N/A,N/A,0.3000052403300039,0.0,0.0
5.95,0,Road ID,N/A,-3184.3525,-17645.8931,20.3563,0,,Auto-driving,3,0,-1,0,red,N/A,N/A,N/A,N/A,0.30000523991829625,0.0,0.0
6.0,0,Road ID,N/A,-3184.6558,-17644.9124,20.53,0,,Auto-driving,3,0,-1,0,red,N/A,N/A,N/A,N/A,0.3000052395071298,0.0,0.0
6.05,0,Road ID,N/A,-3184.9617,-17643.9235,20.7037,0,,Auto-driving,3,0,-1,0,red,N/A,N/A,N/A,N/A,0.30000523909586907,0.0,0.0
6.1,0,Road ID,N/A,-3185.2702,-17642.9262,20.8773,0,,Auto-driving,3,0,-1,0,red,N/A,N/A,N/A,N/A,0.3000052386851278,0.0,0.0
6.15,0,Road ID,N/A,-3185.5813,-17641.9207,21.051,0,,Auto-driving,3,0,-1,0,red,N/A,N/A,N/A,N/A,0.3000052382740181,0.0,0.0
6.2,0,Road ID,N/A,-3185.8949,-17640.9069,21.2246,0,,Auto-driving,3,0,-1,0,red,N/A,N/A,N/A,N/A,0.30000523786305827,0.0,0.0
6.25,0,Road ID,N/A,-3186.2111,-17639.8847,21.3983,0,,Auto-driving,3,0,-1,0,red,N/A,N/A,N/A,N/A,0.3000052374516886,0.0,0.0
6.3,0,Road ID,N/A,-3186.5298,-17638.8543,21.5719,0,,Auto-driving,3,0,-1,0,red,N/A,N/A,N/A,N/A,0.300005237041074,0.0,0.0
6.35,0,Road ID,N/A,-3186.8511,-17637.8156,21.7455,0,,Auto-driving,3,0,-1,0,red,N/A,N/A,N/A,N/A,0.30000523663116097,0.0,0.0
6.4,0,Road ID,N/A,-3187.175,-17636.7686,21.919,0,,Auto-driving,3,0,-1,0,red,N/A,N/A,N/A,N/A,0.30000523621986797,0.0,0.0
6.45,0,Road ID,N/A,-3187.5014,-17635.7133,22.0926,0,,Auto-driving,3,0,-1,0,red,N/A,N/A,N/A,N/A,0.300005235809932,0.0,0.0
6.5,0,Road ID,N/A,-3187.8304,-17634.6497,22.2661,0,,Auto-driving,3,0,-1,0,red,N/A,N/A,N/A,N/A,0.3000052353987077,0.0,0.0
6.55,0,Road ID,N/A,-3188.162,-17633.5778,22.4396,0,,Auto-driving,3,0,-1,0,red,N/A,N/A,N/A,N/A,0.30000523498918547,0.0,0.0
6.6,0,Road ID,N/A,-3188.4961,-17632.4977,22.6131,0,,Auto-driving,3,0,-1,0,red,N/A,N/A,N/A,N/A,0.30000523457796807,0.0,0.0
6.65,0,Road ID,N/A,-3188.8328,-17631.4092,22.7866,0,,Auto-driving,3,0,-1,0,red,N/A,N/A,N/A,N/A,0.3000052341679244,0.0,0.0
6.7,0,Road ID,N/A,-3189.1721,-17630.3125,22.9601,0,,Auto-driving,3,0,-1,0,red,N/A,N/A,N/A,N/A,0.3000052337576972,0.0,0.0
6.75,0,Road ID,N/A,-3189.5139,-17629.2075,23.1336,0,,Auto-driving,3,0,-1,0,red,N/A,N/A,N/A,N/A,0.3000052333464226,0.0,0.0
6.8,0,Road ID,N/A,-3189.8583,-17628.0942,23.307,0,,Auto-driving,3,0,-1,0,red,N/A,N/A,N/A,N/A,0.3000052329363379,0.0,0.0
6.85,0,Road ID,N/A,-3190.2052,-17626.9726,23.4804,0,,Auto-driving,3,0,-1,0,red,N/A,N/A,N/A,N/A,0.300005232526502,0.0,0.0
6.9,0,Road ID,N/A,-3190.5548,-17625.8427,23.6538,0,,Auto-driving,3,0,-1,0,red,N/A,N/A,N/A,N/A,0.30000523211671376,0.0,0.0
6.95,0,Road ID,N/A,-3190.9068,-17624.7046,23.8272,0,,Auto-driving,3,0,-1,0,red,N/A,N/A,N/A,N/A,0.30000523170634086,0.0,0.0
7.0,0,Road ID,N/A,-3191.2615,-17623.5582,24.0006,0,,Auto-driving,3,0,-1,0,red,N/A,N/A,N/A,N/A,0.30000523129641576,0.0,0.0
7.05,0,Road ID,N/A,-3191.6187,-17622.4035,24.1739,0,,Auto-driving,3,0,-1,0,red,N/A,N/A,N/A,N/A,0.30000523088713177,0.0,0.0
7.1,0,Road ID,N/A,-3191.9784,-17621.2405,24.3472,0,,Auto-driving,3,0,-1,0,red,N/A,N/A,N/A,N/A,0.3000052304769482,0.0,0.0
7.15,0,Road ID,N/A,-3192.3407,-17620.0692,24.5206,0,,Auto-driving,3,0,-1,0,red,N/A,N/A,N/A,N/A,0.3000052300670172,0.0,0.0
7.2,0,Road ID,N/A,-3192.7056,-17618.8896,24.6939,0,,Auto-driving,3,0,-1,0,red,N/A,N/A,N/A,N/A,0.30000522965763776,0.0,0.0
7.25,0,Road ID,N/A,-3193.073,-17617.7018,24.8671,0,,Auto-driving,3,0,-1,0,red,N/A,N/A,N/A,N/A,0.3000052292475768,0.0,0.0
7.3,0,Road ID,N/A,-3193.443,-17616.5057,25.0404,0,,Auto-driving,3,0,-1,0,red,N/A,N/A,N/A,N/A,0.3000052288385632,0.0,0.0
7.35,0,Road ID,N/A,-3193.8156,-17615.3013,25.2137,0,,Auto-driving,3,0,-1,0,red,N/A,N/A,N/A,N/A,0.3000052284290081,0.0,0.0
7.4,0,Road ID,N/A,-3194.1907,-17614.0887,25.3869,0,,Auto-driving,3,0,-1,0,red,N/A,N/A,N/A,N/A,0.3000052280200916,0.0,0.0
7.45,0,Road ID,N/A,-3194.5684,-17612.8678,25.5601,0,,Auto-driving,3,0,-1,0,red,N/A,N/A,N/A,N/A,0.30000522761032417,0.0,0.0
7.5,0,Road ID,N/A,-3194.9486,-17611.6386,25.7333,0,,Auto-driving,3,0,-1,0,red,N/A,N/A,N/A,N/A,0.3000052272010063,0.0,0.0
7.55,0,Road ID,N/A,-3195.3314,-17610.4011,25.9065,0,,Auto-driving,3,0,-1,0,red,N/A,N/A,N/A,N/A,0.30000522679204367,0.0,0.0
7.6,0,Road ID,N/A,-3195.7168,-17609.1554,26.0796,0,,Auto-driving,3,0,-1,0,red,N/A,N/A,N/A,N/A,0.30000522638226773,0.0,0.0
7.65,0,Road ID,N/A,-3196.1046,-17607.9016,26.2476,0,,Auto-driving,3,0,-1,0,red,N/A,N/A,N/A,N/A,0.3000051873937644,0.0,0.0
7.7,0,Road ID,N/A,-3196.4948,-17606.6401,26.4091,0,,Auto-driving,3,0,-1,0,red,N/A,N/A,N/A,N/A,0.30000511523128576,0.0,0.0
7.75,0,Road ID,N/A,-3196.8873,-17605.3712,26.564,0,,Auto-driving,3,0,-1,0,red,N/A,N/A,N/A,N/A,0.3000050230530764,0.0,0.0
7.8,0,Road ID,N/A,-3197.282,-17604.0953,26.7123,0,,Auto-driving,3,0,-1,0,red,N/A,N/A,N/A,N/A,0.3000049196764964,0.0,0.0
7.85,0,Road ID,N/A,-3197.6788,-17602.8125,26.8543,0,,Auto-driving,3,0,-1,0,red,N/A,N/A,N/A,N/A,0.30000481048763816,0.0,0.0
7.9,0,Road ID,N/A,-3198.0776,-17601.5233,26.9901,0,,Auto-driving,3,0,-1,0,red,N/A,N/A,N/A,N/A,0.30000469886676073,0.0,0.0
7.95,0,Road ID,N/A,-3198.4784,-17600.2279,27.1199,0,,Auto-driving,3,0,-1,0,red,N/A,N/A,N/A,N/A,0.3000045870250146,0.0,0.0
8.0,0,Road ID,N/A,-3198.8809,-17598.9265,27.2441,0,,Auto-driving,3,0,-1,0,red,N/A,N/A,N/A,N/A,0.30000447646283596,0.0,0.0
8.05,0,Road ID,N/A,-3199.2852,-17597.6195,27.3628,0,,Auto-driving,3,0,-1,0,red,N/A,N/A,N/A,N/A,0.3000043682058034,0.0,0.0
8.1,0,Road ID,N/A,-3199.6912,-17596.307,27.4763,0,,Auto-driving,3,0,-1,0,red,N/A,N/A,N/A,N/A,0.3000042629560292,0.0,0.0
8.15,0,Road ID,N/A,-3200.0988,-17594.9894,27.5848,0,,Auto-driving,3,0,-1,0,red,N/A,N/A,N/A,N/A,0.3000041611783322,0.0,0.0
8.2,0,Road ID,N/A,-3200.5079,-17593.6668,27.6885,0,,Auto-driving,3,0,-1,0,red,N/A,N/A,N/A,N/A,0.3000040631669982,0.0,0.0
8.25,0,Road ID,N/A,-3200.9185,-17592.3395,27.7877,0,,Auto-driving,3,0,-1,0,red,N/A,N/A,N/A,N/A,0.3000039690881274,0.0,0.0
8.3,0,Road ID,N/A,-3201.3305,-17591.0076,27.8824,0,,Auto-driving,3,0,-1,0,red,N/A,N/A,N/A,N/A,0.3000038790155441,0.0,0.0
8.35,0,Road ID,N/A,-3201.7439,-17589.6714,27.973,0,,Auto-driving,3,0,-1,0,red,N/A,N/A,N/A,N/A,0.30000379295044177,0.0,0.0
8.4,0,Road ID,N/A,-3202.1585,-17588.3311,28.0596,0,,Auto-driving,3,0,-1,0,red,N/A,N/A,N/A,N/A,0.3000037108446091,0.0,0.0
8.45,0,Road ID,N/A,-3202.5743,-17586.9868,28.1424,0,,Auto-driving,3,0,-1,0,red,N/A,N/A,N/A,N/A,0.30000363261156515,0.0,0.0
8.5,0,Road ID,N/A,-3202.9913,-17585.6388,28.2215,0,,Auto-driving,3,0,-1,0,red,N/A,N/A,N/A,N/A,0.30000355814188956,0.0,0.0
8.55,0,Road ID,N/A,-3203.4094,-17584.2871,28.2971,0,,Auto-driving,3,0,-1,0,red,N/A,N/A,N/A,N/A,0.3000034873061722,0.0,0.0
8.6,0,Road ID,N/A,-3203.8286,-17582.932,28.3694,0,,Auto-driving,3,0,-1,0,red,N/A,N/A,N/A,N/A,0.3000034199658978,0.0,0.0
8.65,0,Road ID,N/A,-3204.2488,-17581.5736,28.4385,0,,Auto-driving,3,0,-1,0,red,N/A,N/A,N/A,N/A,0.30000335597454775,0.0,0.0
8.7,0,Road ID,N/A,-3204.67,-17580.212,28.5045,0,,Auto-driving,3,0,-1,0,red,N/A,N/A,N/A,N/A,0.3000032951837133,0.0,0.0
8.75,0,Road ID,N/A,-3205.0921,-17578.8474,28.5676,0,,Auto-driving,3,0,-1,0,red,N/A,N/A,N/A,N/A,0.30000323744541996,0.0,0.0
8.8,0,Road ID,N/A,-3205.5151,-17577.48,28.628,0,,Auto-driving,3,0,-1,0,red,N/A,N/A,N/A,N/A,0.3000031826117506,0.0,0.0
8.85,0,Road ID,N/A,-3205.939,-17576.1097,28.6856,0,,Auto-driving,3,0,-1,0,red,N/A,N/A,N/A,N/A,0.30000313054065797,0.0,0.0
8.9,0,Road ID,N/A,-3206.3636,-17574.7369,28.7407,0,,Auto-driving,3,0,-1,0,red,N/A,N/A,N/A,N/A,0.30000308109283436,0.0,0.0
8.95,0,Road ID,N/A,-3206.7891,-17573.3615,28.7934,0,,Auto-driving,3,0,-1,0,red,N/A,N/A,N/A,N/A,0.3000030341345539,0.0,0.0
9.0,0,Road ID,N/A,-3207.2153,-17571.9837,28.8438,0,,Auto-driving,3,0,-1,0,red,N/A,N/A,N/A,N/A,0.3000029895379593,0.0,0.0
9.05,0,Road ID,N/A,-3207.6422,-17570.6037,28.8919,0,,Auto-driving,3,0,-1,0,red,N/A,N/A,N/A,N/A,0.3000029471792009,0.0,0.0
9.1,0,Road ID,N/A,-3208.0698,-17569.2214,28.9379,0,,Auto-driving,3,0,-1,0,red,N/A,N/A,N/A,N/A,0.3000029069419806,0.0,0.0
9.15,0,Road ID,N/A,-3208.498,-17567.837,28.9818,0,,Auto-driving,3,0,-1,0,red,N/A,N/A,N/A,N/A,0.30000286871489995,0.0,0.0
9.2,0,Road ID,N/A,-3208.9269,-17566.4506,29.0239,0,,Auto-driving,3,0,-1,0,red,N/A,N/A,N/A,N/A,0.30000283239162445,0.0,0.0
9.25,0,Road ID,N/A,-3209.3563,-17565.0623,29.064,0,,Auto-driving,3,0,-1,0,red,N/A,N/A,N/A,N/A,0.3000027978726445,0.0,0.0
9.3,0,Road ID,N/A,-3209.7864,-17563.6722,29.1024,0,,Auto-driving,3,0,-1,0,red,N/A,N/A,N/A,N/A,0.3000027650624739,0.0,0.0
9.35,0,Road ID,N/A,-3210.2169,-17562.2803,29.1391,0,,Auto-driving,3,0,-1,0,red,N/A,N/A,N/A,N/A,0.300002733871269,0.0,0.0
9.4,0,Road ID,N/A,-3210.648,-17560.8868,29.1742,0,,Auto-driving,3,0,-1,0,red,N/A,N/A,N/A,N/A,0.3000027042139317,0.0,0.0
9.45,0,Road ID,N/A,-3211.0796,-17559.4916,29.2077,0,,Auto-driving,3,0,-1,0,red,N/A,N/A,N/A,N/A,0.3000026760111525,0.0,0.0
9.5,0,Road ID,N/A,-3211.5116,-17558.0949,29.2397,0,,Auto-driving,3,0,-1,0,red,N/A,N/A,N/A,N/A,0.30000264918633696,0.0,0.0
9.55,0,Road ID,N/A,-3211.9441,-17556.6968,29.2703,0,,Auto-driving,3,0,-1,0,red,N/A,N/A,N/A,N/A,0.3000026236683302,0.0,0.0
9.6,0,Road ID,N/A,-3212.377,-17555.2972,29.2996,0,,Auto-driving,3,0,-1,0,red,N/A,N/A,N/A,N/A,0.3000025993891262,0.0,0.0
9.65,0,Road ID,N/A,-3212.8104,-17553.8964,29.3275,0,,Auto-driving,3,0,-1,0,red,N/A,N/A,N/A,N/A,0.3000025762850611,0.0,0.0
9.7,0,Road ID,N/A,-3213.2441,-17552.4942,29.3543,0,,Auto-driving,3,0,-1,0,red,N/A,N/A,N/A,N/A,0.3000025542959955,0.0,0.0
9.75,0,Road ID,N/A,-3213.6782,-17551.0908,29.3798,0,,Auto-driving,3,0,-1,0,red,N/A,N/A,N/A,N/A,0.3000025333641644,0.0,0.0
9.8,0,Road ID,N/A,-3214.1127,-17549.6863,29.4043,0,,Auto-driving,3,0,-1,0,red,N/A,N/A,N/A,N/A,0.3000025134352627,0.0,0.0
9.85,0,Road ID,N/A,-3214.5475,-17548.2806,29.4276,0,,Auto-driving,3,0,-1,0,red,N/A,N/A,N/A,N/A,0.30000249445913213,0.0,0.0
9.9,0,Road ID,N/A,-3214.9827,-17546.8739,29.4499,0,,Auto-driving,3,0,-1,0,red,N/A,N/A,N/A,N/A,0.3000024763877821,0.0,0.0
9.95,0,Road ID,N/A,-3215.4182,-17545.4661,29.4712,0,,Auto-driving,3,0,-1,0,red,N/A,N/A,N/A,N/A,0.3000024591750219,0.0,0.0
10.0,0,Road ID,N/A,-3215.8539,-17544.0574,29.4916,0,,Auto-driving,3,0,-1,0,red,N/A,N/A,N/A,N/A,0.3000024427780436,0.0,0.0
10.05,0,Road ID,N/A,-3216.29,-17542.6478,29.5111,0,,Auto-driving,3,0,-1,0,red,N/A,N/A,N/A,N/A,0.30000242715678754,0.0,0.0
10.1,0,Road ID,N/A,-3216.7263,-17541.2372,29.5297,0,,Auto-driving,3,0,-1,0,red,N/A,N/A,N/A,N/A,0.3000024122718968,0.0,0.0
10.15,0,Road ID,N/A,-3217.1629,-17539.8258,29.5475,0,,Auto-driving,3,0,-1,0,red,N/A,N/A,N/A,N/A,0.3000023980872857,0.0,0.0
10.2,0,Road ID,N/A,-3217.5998,-17538.4136,29.5645,0,,Auto-driving,3,0,-1,0,red,N/A,N/A,N/A,N/A,0.3000023845682696,0.0,0.0
10.25,0,Road ID,N/A,-3218.0368,-17537.0006,29.5808,0,,Auto-driving,3,0,-1,0,red,N/A,N/A,N/A,N/A,0.30000237168180055,0.0,0.0
10.3,0,Road ID,N/A,-3218.4742,-17535.5869,29.5963,0,,Auto-driving,3,0,-1,0,red,N/A,N/A,N/A,N/A,0.30000235939683495,0.0,0.0
10.35,0,Road ID,N/A,-3218.9117,-17534.1725,29.6111,0,,Auto-driving,3,0,-1,0,red,N/A,N/A,N/A,N/A,0.3000023476849691,0.0,0.0
10.4,0,Road ID,N/A,-3219.3494,-17532.7574,29.6253,0,,Auto-driving,3,0,-1,0,red,N/A,N/A,N/A,N/A,0.30000233651734903,0.0,0.0
10.45,0,Road ID,N/A,-3219.7874,-17531.3416,29.6389,0,,Auto-driving,3,0,-1,0,red,N/A,N/A,N/A,N/A,0.3000023258676064,0.0,0.0
10.5,0,Road ID,N/A,-3220.2255,-17529.9253,29.6519,0,,Auto-driving,3,0,-1,0,red,N/A,N/A,N/A,N/A,0.3000023157122078,0.0,0.0
10.55,0,Road ID,N/A,-3220.6638,-17528.5083,29.6643,0,,Auto-driving,3,0,-1,0,red,N/A,N/A,N/A,N/A,0.3000023060252872,0.0,0.0
10.6,0,Road ID,N/A,-3221.1023,-17527.0908,29.6761,0,,Auto-driving,3,0,-1,0,red,N/A,N/A,N/A,N/A,0.300002296784446,0.0,0.0
10.65,0,Road ID,N/A,-3221.541,-17525.6727,29.6874,0,,Auto-driving,3,0,-1,0,red,N/A,N/A,N/A,N/A,0.3000022879699777,0.0,0.0
10.7,0,Road ID,N/A,-3221.9798,-17524.2541,29.6982,0,,Auto-driving,3,0,-1,0,red,N/A,N/A,N/A,N/A,0.3000022795624001,0.0,0.0
10.75,0,Road ID,N/A,-3222.4188,-17522.835,29.7086,0,,Auto-driving,3,0,-1,0,red,N/A,N/A,N/A,N/A,0.3000022715397013,0.0,0.0
10.8,0,Road ID,N/A,-3222.8579,-17521.4154,29.7185,0,,Auto-driving,3,0,-1,0,red,N/A,N/A,N/A,N/A,0.3000022638848923,0.0,0.0
10.85,0,Road ID,N/A,-3223.2972,-17519.9954,29.7279,0,,Auto-driving,3,0,-1,0,red,N/A,N/A,N/A,N/A,0.30000225657986185,0.0,0.0
10.9,0,Road ID,N/A,-3223.7366,-17518.575,29.7369,0,,Auto-driving,3,0,-1,0,red,N/A,N/A,N/A,N/A,0.3000022496100182,0.0,0.0
10.95,0,Road ID,N/A,-3224.1761,-17517.1541,29.7456,0,,Auto-driving,3,0,-1,0,red,N/A,N/A,N/A,N/A,0.3000022429574814,0.0,0.0
11.0,0,Road ID,N/A,-3224.6157,-17515.7329,29.7538,0,,Auto-driving,3,0,-1,0,red,N/A,N/A,N/A,N/A,0.30000223660779196,0.0,0.0
11.05,0,Road ID,N/A,-3225.0555,-17514.3113,29.7617,0,,Auto-driving,3,0,-1,0,red,N/A,N/A,N/A,N/A,0.30000223054678704,0.0,0.0
11.1,0,Road ID,N/A,-3225.4953,-17512.8893,29.7692,0,,Auto-driving,3,0,-1,0,red,N/A,N/A,N/A,N/A,0.30000222476259597,0.0,0.0
11.15,0,Road ID,N/A,-3225.9353,-17511.467,29.7764,0,,Auto-driving,3,0,-1,0,red,N/A,N/A,N/A,N/A,0.30000221924111886,0.0,0.0
11.2,0,Road ID,N/A,-3226.3754,-17510.0443,29.7833,0,,Auto-driving,3,0,-1,0,red,N/A,N/A,N/A,N/A,0.3000022139694192,0.0,0.0
11.25,0,Road ID,N/A,-3226.8156,-17508.6213,29.7899,0,,Auto-driving,3,0,-1,0,red,N/A,N/A,N/A,N/A,0.30000220893609936,0.0,0.0
11.3,0,Road ID,N/A,-3227.2558,-17507.1981,29.7962,0,,Auto-driving,3,0,-1,0,red,N/A,N/A,N/A,N/A,0.3000022041316873,0.0,0.0
11.35,0,Road ID,N/A,-3227.6962,-17505.7745,29.8022,0,,Auto-driving,3,0,-1,0,red,N/A,N/A,N/A,N/A,0.3000021995438869,0.0,0.0
11.4,0,Road ID,N/A,-3228.1367,-17504.3507,29.808,0,,Auto-driving,3,0,-1,0,red,N/A,N/A,N/A,N/A,0.30000219516356547,0.0,0.0
11.45,0,Road ID,N/A,-3228.5772,-17502.9266,29.8134,0,,Auto-driving,3,0,-1,0,red,N/A,N/A,N/A,N/A,0.3000021909810982,0.0,0.0
11.5,0,Road ID,N/A,-3229.0178,-17501.5023,29.8187,0,,Auto-driving,3,0,-1,0,red,N/A,N/A,N/A,N/A,0.3000021869873583,0.0,0.0
11.55,0,Road ID,N/A,-3229.4585,-17500.0777,29.8237,0,Msg0,Auto-driving,3,0,-1,0,red,N/A,N/A,N/A,N/A,0.30000218317374244,0.0,0.0
11.6,0,Road ID,N/A,-3229.8992,-17498.6529,29.8285,0,,Auto-driving,3,0,-1,0,red,N/A,N/A,N/A,N/A,0.30000217953145364,0.0,0.0
11.65,0,Road ID,N/A,-3230.34,-17497.2278,29.8331,0,,Auto-driving,3,0,-1,0,red,N/A,N/A,N/A,N/A,0.30000217605246104,0.0,0.0
11.7,0,Road ID,N/A,-3230.7809,-17495.8026,29.8375,0,,Auto-driving,3,0,-1,0,red,N/A,N/A,N/A,N/A,0.30000217272961155,0.0,0.0
11.75,0,Road ID,N/A,-3231.2218,-17494.3771,29.8416,0,,Auto-driving,3,0,-1,0,red,N/A,N/A,N/A,N/A,0.3000021695573232,0.0,0.0
11.8,0,Road ID,N/A,-3231.6628,-17492.9515,29.8456,0,,Auto-driving,3,0,-1,0,red,N/A,N/A,N/A,N/A,0.3000021665267726,0.0,0.0
11.85,0,Road ID,N/A,-3232.1039,-17491.5257,29.8495,0,,Auto-driving,3,0,-1,0,red,N/A,N/A,N/A,N/A,0.300002163632817,0.0,0.0
11.9,0,Road ID,N/A,-3232.545,-17490.0997,29.8531,0,,Auto-driving,3,0,-1,0,red,N/A,N/A,N/A,N/A,0.3000021608669906,0.0,0.0
11.95,0,Road ID,N/A,-3232.9862,-17488.6736,29.8566,0,,Auto-driving,3,0,-1,0,red,N/A,N/A,N/A,N/A,0.30000215822664417,0.0,0.0
12.0,0,Road ID,N/A,-3233.4274,-17487.2472,29.86,0,,Auto-driving,3,0,-1,0,red,N/A,N/A,N/A,N/A,0.30000215570415545,0.0,0.0
12.05,0,Road ID,N/A,-3233.8686,-17485.8208,29.8631,0,,Auto-driving,3,0,-1,0,red,N/A,N/A,N/A,N/A,0.30000215329462665,0.0,0.0
12.1,0,Road ID,N/A,-3234.3099,-17484.3942,29.8662,0,,Auto-driving,3,0,-1,0,red,N/A,N/A,N/A,N/A,0.30000215099193467,0.0,0.0
12.15,0,Road ID,N/A,-3234.7513,-17482.9674,29.8691,0,,Auto-driving,3,0,-1,0,red,N/A,N/A,N/A,N/A,0.30000214879390397,0.0,0.0
12.2,0,Road ID,N/A,-3235.1927,-17481.5405,29.8719,0,,Auto-driving,3,0,-1,0,red,N/A,N/A,N/A,N/A,0.3000021466928912,0.0,0.0
12.25,0,Road ID,N/A,-3235.6341,-17480.1135,29.8746,0,,Auto-driving,3,0,-1,0,red,N/A,N/A,N/A,N/A,0.30000214468630376,0.0,0.0
12.3,0,Road ID,N/A,-3236.0756,-17478.6864,29.8771,0,,Auto-driving,3,0,-1,0,red,N/A,N/A,N/A,N/A,0.3000021427683404,0.0,0.0
12.35,0,Road ID,N/A,-3236.5171,-17477.2591,29.8795,0,,Auto-driving,3,0,-1,0,red,N/A,N/A,N/A,N/A,0.30000214093744415,0.0,0.0
12.4,0,Road ID,N/A,-3236.9586,-17475.8318,29.8819,0,,Auto-driving,3,0,-1,0,red,N/A,N/A,N/A,N/A,0.3000021391866046,0.0,0.0
12.45,0,Road ID,N/A,-3237.4002,-17474.4043,29.8841,0,,Auto-driving,3,0,-1,0,red,N/A,N/A,N/A,N/A,0.3000021375157123,0.0,0.0
12.5,0,Road ID,N/A,-3237.8418,-17472.9767,29.8862,0,,Auto-driving,3,0,-1,0,red,N/A,N/A,N/A,N/A,0.3000021359179717,0.0,0.0
12.55,0,Road ID,N/A,-3238.2834,-17471.5491,29.8882,0,,Auto-driving,3,0,-1,0,red,N/A,N/A,N/A,N/A,0.3000021343920677,0.0,0.0
12.6,0,Road ID,N/A,-3238.725,-17470.1213,29.8902,0,,Auto-driving,3,0,-1,0,red,N/A,N/A,N/A,N/A,0.30000213293299843,0.0,0.0
12.65,0,Road ID,N/A,-3239.1667,-17468.6934,29.892,0,,Auto-driving,3,0,-1,0,red,N/A,N/A,N/A,N/A,0.3000021315402729,0.0,0.0
12.7,0,Road ID,N/A,-3239.6084,-17467.2655,29.8938,0,,Auto-driving,3,0,-1,0,red,N/A,N/A,N/A,N/A,0.30000213020864686,0.0,0.0
12.75,0,Road ID,N/A,-3240.0502,-17465.8375,29.8955,0,,Auto-driving,3,0,-1,0,red,N/A,N/A,N/A,N/A,0.300002128936814,0.0,0.0
12.8,0,Road ID,N/A,-3240.4919,-17464.4094,29.8971,0,,Auto-driving,3,0,-1,0,red,N/A,N/A,N/A,N/A,0.30000212772053714,0.0,0.0
12.85,0,Road ID,N/A,-3240.9337,-17462.9812,29.8987,0,,Auto-driving,3,0,-1,0,red,N/A,N/A,N/A,N/A,0.30000212655946273,0.0,0.0
12.9,0,Road ID,N/A,-3241.3755,-17461.553,29.9002,0,,Auto-driving,3,0,-1,0,red,N/A,N/A,N/A,N/A,0.3000021254500433,0.0,0.0
12.95,0,Road ID,N/A,-3241.8174,-17460.1247,29.9016,0,,Auto-driving,3,0,-1,0,red,N/A,N/A,N/A,N/A,0.30000212438979873,0.0,0.0
13.0,0,Road ID,N/A,-3242.2592,-17458.6963,29.9029,0,,Auto-driving,3,0,-1,0,red,N/A,N/A,N/A,N/A,0.3000021233758803,0.0,0.0
13.05,0,Road ID,N/A,-3242.7011,-17457.2679,29.9042,0,,Auto-driving,3,0,-1,0,red,N/A,N/A,N/A,N/A,0.3000021224085906,0.0,0.0
13.1,0,Road ID,N/A,-3243.1429,-17455.8394,29.9054,0,,Auto-driving,3,0,-1,0,red,N/A,N/A,N/A,N/A,0.30000212148247424,0.0,0.0
13.15,0,Road ID,N/A,-3243.5848,-17454.4109,29.9066,0,,Auto-driving,3,0,-1,0,red,N/A,N/A,N/A,N/A,0.3000021205980788,0.0,0.0
13.2,0,Road ID,N/A,-3244.0268,-17452.9823,29.9078,0,,Auto-driving,3,0,-1,0,red,N/A,N/A,N/A,N/A,0.3000021197513921,0.0,0.0
13.25,0,Road ID,N/A,-3244.4687,-17451.5536,29.9088,0,,Auto-driving,3,0,-1,0,red,N/A,N/A,N/A,N/A,0.30000211894410084,0.0,0.0
13.3,0,Road ID,N/A,-3244.9106,-17450.1249,29.9099,0,,Auto-driving,3,0,-1,0,red,N/A,N/A,N/A,N/A,0.3000021181728976,0.0,0.0
13.35,0,Road ID,N/A,-3245.3526,-17448.6962,29.9108,0,,Auto-driving,3,0,-1,0,red,N/A,N/A,N/A,N/A,0.3000021174356077,0.0,0.0
13.4,0,Road ID,N/A,-3245.7946,-17447.2674,29.9118,0,,Auto-driving,3,0,-1,0,red,N/A,N/A,N/A,N/A,0.3000021167309138,0.0,0.0
13.45,0,Road ID,N/A,-3246.2366,-17445.8386,29.9127,0,,Auto-driving,3,0,-1,0,red,N/A,N/A,N/A,N/A,0.30000211605775995,0.0,0.0
13.5,0,Road ID,N/A,-3246.6786,-17444.4097,29.9135,0,,Auto-driving,3,0,-1,0,red,N/A,N/A,N/A,N/A,0.3000021154143581,0.0,0.0
13.55,0,Road ID,N/A,-3247.1206,-17442.9808,29.9144,0,,Auto-driving,3,0,-1,0,red,N/A,N/A,N/A,N/A,0.30000211479960737,0.0,0.0
13.6,0,Road ID,N/A,-3247.5626,-17441.5518,29.9152,0,,Auto-driving,3,0,-1,0,red,N/A,N/A,N/A,N/A,0.30000211421202394,0.0,0.0
13.65,0,Road ID,N/A,-3248.0047,-17440.1228,29.9159,0,,Auto-driving,3,0,-1,0,red,N/A,N/A,N/A,N/A,0.3000021136504757,0.0,0.0
13.7,0,Road ID,N/A,-3248.4467,-17438.6938,29.9166,0,,Auto-driving,3,0,-1,0,red,N/A,N/A,N/A,N/A,0.30000211311404196,0.0,0.0
13.75,0,Road ID,N/A,-3248.8888,-17437.2648,29.9173,0,,Auto-driving,3,0,-1,0,red,N/A,N/A,N/A,N/A,0.3000021126012939,0.0,0.0
13.8,0,Road ID,N/A,-3249.3308,-17435.8357,29.918,0,,Auto-driving,3,0,-1,0,red,N/A,N/A,N/A,N/A,0.3000021121112961,0.0,0.0
13.85,0,Road ID,N/A,-3249.7729,-17434.4066,29.9186,0,,Auto-driving,3,0,-1,0,red,N/A,N/A,N/A,N/A,0.3000021116428565,0.0,0.0
13.9,0,Road ID,N/A,-3250.215,-17432.9774,29.9192,0,,Auto-driving,3,0,-1,0,red,N/A,N/A,N/A,N/A,0.30000211119538467,0.0,0.0
13.95,0,Road ID,N/A,-3250.6571,-17431.5482,29.9198,0,,Auto-driving,3,0,-1,0,red,N/A,N/A,N/A,N/A,0.30000211076775474,0.0,0.0
14.0,0,Road ID,N/A,-3251.0992,-17430.119,29.9203,0,,Auto-driving,3,0,-1,0,red,N/A,N/A,N/A,N/A,0.30000211035886043,0.0,0.0
14.05,0,Road ID,N/A,-3251.5413,-17428.6898,29.9208,0,,Auto-driving,3,0,-1,0,red,N/A,N/A,N/A,N/A,0.3000021099681037,0.0,0.0
14.1,0,Road ID,N/A,-3251.9834,-17427.2606,29.9213,0,,Auto-driving,3,0,-1,0,red,N/A,N/A,N/A,N/A,0.300002109594815,0.0,0.0
14.15,0,Road ID,N/A,-3252.4255,-17425.8313,29.9218,0,,Auto-driving,3,0,-1,0,red,N/A,N/A,N/A,N/A,0.3000021092379737,0.0,0.0
14.2,0,Road ID,N/A,-3252.8677,-17424.402,29.9223,0,,Auto-driving,3,0,-1,0,red,N/A,N/A,N/A,N/A,0.3000021088969236,0.0,0.0
14.25,0,Road ID,N/A,-3253.3098,-17422.9727,29.9227,0,,Auto-driving,3,0,-1,0,red,N/A,N/A,N/A,N/A,0.3000021085709559,0.0,0.0
14.3,0,Road ID,N/A,-3253.752,-17421.5434,29.9231,0,,Auto-driving,3,0,-1,0,red,N/A,N/A,N/A,N/A,0.30000210825951834,0.0,0.0
14.35,0,Road ID,N/A,-3254.1941,-17420.114,29.9235,0,,Auto-driving,3,0,-1,0,red,N/A,N/A,N/A,N/A,0.3000021079621607,0.0,0.0
14.4,0,Road ID,N/A,-3254.6363,-17418.6846,29.9239,0,,Auto-driving,3,0,-1,0,red,N/A,N/A,N/A,N/A,0.3000021076777302,0.0,0.0
14.45,0,Road ID,N/A,-3255.0784,-17417.2553,29.9243,0,,Auto-driving,3,0,-1,0,red,N/A,N/A,N/A,N/A,0.30000210740586497,0.0,0.0
14.5,0,Road ID,N/A,-3255.5206,-17415.8259,29.9246,0,,Auto-driving,3,0,-1,0,red,N/A,N/A,N/A,N/A,0.30000210714612185,0.0,0.0
14.55,0,Road ID,N/A,-3255.9628,-17414.3964,29.9249,0,,Auto-driving,3,0,-1,0,red,N/A,N/A,N/A,N/A,0.3000021068976346,0.0,0.0
14.6,0,Road ID,N/A,-3256.4049,-17412.967,29.9253,0,,Auto-driving,3,0,-1,0,red,N/A,N/A,N/A,N/A,0.30000210665999855,0.0,0.0
14.65,0,Road ID,N/A,-3256.8471,-17411.5375,29.9256,0,,Auto-driving,3,0,-1,0,red,N/A,N/A,N/A,N/A,0.3000021064329567,0.0,0.0
14.7,0,Road ID,N/A,-3257.2893,-17410.1081,29.9259,0,,Auto-driving,3,0,-1,0,red,N/A,N/A,N/A,N/A,0.30000210621619366,0.0,0.0
14.75,0,Road ID,N/A,-3257.7315,-17408.6786,29.9261,0,,Auto-driving,3,0,-1,0,red,N/A,N/A,N/A,N/A,0.3000021060091402,0.0,0.0
14.8,0,Road ID,N/A,-3258.1737,-17407.2491,29.9264,0,,Auto-driving,3,0,-1,0,red,N/A,N/A,N/A,N/A,0.3000021058108257,0.0,0.0
14.85,0,Road ID,N/A,-3258.6159,-17405.8196,29.9266,0,,Auto-driving,3,0,-1,0,red,N/A,N/A,N/A,N/A,0.30000210562159224,0.0,0.0
14.9,0,Road ID,N/A,-3259.0581,-17404.3901,29.9269,0,,Auto-driving,3,0,-1,0,red,N/A,N/A,N/A,N/A,0.30000210544077666,0.0,0.0
14.95,0,Road ID,N/A,-3259.5003,-17402.9606,29.9271,0,,Auto-driving,3,0,-1,0,red,N/A,N/A,N/A,N/A,0.30000210526761195,0.0,0.0
15.0,0,Road ID,N/A,-3259.9425,-17401.5311,29.9273,0,,Auto-driving,3,0,-1,0,red,N/A,N/A,N/A,N/A,0.300002105102447,0.0,0.0
15.05,0,Road ID,N/A,-3260.3847,-17400.1015,29.9276,0,,Auto-driving,3,0,-1,0,red,N/A,N/A,N/A,N/A,0.30000210494459373,0.0,0.0
15.1,0,Road ID,N/A,-3260.8269,-17398.672,29.9278,0,,Auto-driving,3,0,-1,0,red,N/A,N/A,N/A,N/A,0.30000210479375594,0.0,0.0
15.15,0,Road ID,N/A,-3261.2691,-17397.2424,29.9279,0,,Auto-driving,3,0,-1,0,red,N/A,N/A,N/A,N/A,0.30000210464966154,0.0,0.0
15.2,0,Road ID,N/A,-3261.7113,-17395.8128,29.9281,0,,Auto-driving,3,0,-1,0,red,N/A,N/A,N/A,N/A,0.3000021045114891,0.0,0.0
15.25,0,Road ID,N/A,-3262.1536,-17394.3832,29.9283,0,,Auto-driving,3,0,-1,0,red,N/A,N/A,N/A,N/A,0.3000021043797815,0.0,0.0
15.3,0,Road ID,N/A,-3262.5958,-17392.9536,29.9285,0,,Auto-driving,3,0,-1,0,red,N/A,N/A,N/A,N/A,0.3000021042537082,0.0,0.0
15.35,0,Road ID,N/A,-3263.038,-17391.5241,29.9286,0,,Auto-driving,3,0,-1,0,red,N/A,N/A,N/A,N/A,0.30000210413316386,0.0,0.0
15.4,0,Road ID,N/A,-3263.4802,-17390.0944,29.9288,0,,Auto-driving,3,0,-1,0,red,N/A,N/A,N/A,N/A,0.30000210401818334,0.0,0.0
15.45,0,Road ID,N/A,-3263.9225,-17388.6648,29.9289,0,,Auto-driving,3,0,-1,0,red,N/A,N/A,N/A,N/A,0.3000021039084796,0.0,0.0
15.5,0,Road ID,N/A,-3264.3647,-17387.2352,29.9291,0,,Auto-driving,3,0,-1,0,red,N/A,N/A,N/A,N/A,0.300002103803418,0.0,0.0
15.55,0,Road ID,N/A,-3264.8069,-17385.8056,29.9292,0,,Auto-driving,3,0,-1,0,red,N/A,N/A,N/A,N/A,0.30000210370312336,0.0,0.0
15.6,0,Road ID,N/A,-3265.2492,-17384.376,29.9293,0,,Auto-driving,3,0,-1,0,red,N/A,N/A,N/A,N/A,0.300002103607857,0.0,0.0
15.65,0,Road ID,N/A,-3265.6914,-17382.9463,29.9295,0,,Auto-driving,3,0,-1,0,red,N/A,N/A,N/A,N/A,0.300002103515577,0.0,0.0
15.7,0,Road ID,N/A,-3266.1337,-17381.5167,29.9296,0,,Auto-driving,3,0,-1,0,red,N/A,N/A,N/A,N/A,0.30000210342793676,0.0,0.0
15.75,0,Road ID,N/A,-3266.5759,-17380.087,29.9297,0,,Auto-driving,3,0,-1,0,red,N/A,N/A,N/A,N/A,0.3000021033437313,0.0,0.0
15.8,0,Road ID,N/A,-3267.0181,-17378.6574,29.9298,0,,Auto-driving,3,0,-1,0,red,N/A,N/A,N/A,N/A,0.3000021032637674,0.0,0.0
15.85,0,Road ID,N/A,-3267.4604,-17377.2277,29.9299,0,,Auto-driving,3,0,-1,0,red,N/A,N/A,N/A,N/A,0.3000021031870785,0.0,0.0
15.9,0,Road ID,N/A,-3267.9026,-17375.7981,29.93,0,,Auto-driving,3,0,-1,0,red,N/A,N/A,N/A,N/A,0.3000021031139778,0.0,0.0
15.95,0,Road ID,N/A,-3268.3449,-17374.3684,29.9301,0,,Auto-driving,3,0,-1,0,red,N/A,N/A,N/A,N/A,0.30000210304391334,0.0,0.0
16.0,0,Road ID,N/A,-3268.7871,-17372.9387,29.9302,0,,Auto-driving,3,0,-1,0,red,N/A,N/A,N/A,N/A,0.3000021029769397,0.0,0.0
16.05,0,Road ID,N/A,-3269.2294,-17371.5091,29.9303,0,,Auto-driving,3,0,-1,0,red,N/A,N/A,N/A,N/A,0.30000210291279383,0.0,0.0
16.1,0,Road ID,N/A,-3269.6716,-17370.0794,29.9304,0,,Auto-driving,3,0,-1,0,red,N/A,N/A,N/A,N/A,0.30000210285185014,0.0,0.0
16.15,0,Road ID,N/A,-3270.1139,-17368.6497,29.9304,0,,Auto-driving,3,0,-1,0,red,N/A,N/A,N/A,N/A,0.30000210279347894,0.0,0.0
16.2,0,Road ID,N/A,-3270.5561,-17367.22,29.9305,0,,Auto-driving,3,0,-1,0,red,N/A,N/A,N/A,N/A,0.3000021027379054,0.0,0.0
16.25,0,Road ID,N/A,-3270.9984,-17365.7903,29.9306,0,,Auto-driving,3,0,-1,0,red,N/A,N/A,N/A,N/A,0.3000021026843402,0.0,0.0
16.3,0,Road ID,N/A,-3271.4406,-17364.3606,29.9307,0,,Auto-driving,3,0,-1,0,red,N/A,N/A,N/A,N/A,0.3000021026334388,0.0,0.0
16.35,0,Road ID,N/A,-3271.8829,-17362.9309,29.9307,0,,Auto-driving,3,0,-1,0,red,N/A,N/A,N/A,N/A,0.30000210258478727,0.0,0.0
16.4,0,Road ID,N/A,-3272.3252,-17361.5012,29.9308,0,,Auto-driving,3,0,-1,0,red,N/A,N/A,N/A,N/A,0.3000021025381442,0.0,0.0
16.45,0,Road ID,N/A,-3272.7674,-17360.0715,29.9308,0,,Auto-driving,3,0,-1,0,red,N/A,N/A,N/A,N/A,0.30000210249382814,0.0,0.0
16.5,0,Road ID,N/A,-3273.2097,-17358.6418,29.9309,0,,Auto-driving,3,0,-1,0,red,N/A,N/A,N/A,N/A,0.3000021024514082,0.0,0.0
16.55,0,Road ID,N/A,-3273.6519,-17357.2121,29.931,0,,Auto-driving,3,0,-1,0,red,N/A,N/A,N/A,N/A,0.3000021024108141,0.0,0.0
16.6,0,Road ID,N/A,-3274.0942,-17355.7824,29.931,0,,Auto-driving,3,0,-1,0,red,N/A,N/A,N/A,N/A,0.3000021023720164,0.0,0.0
16.65,0,Road ID,N/A,-3274.5365,-17354.3527,29.9311,0,,Auto-driving,3,0,-1,0,red,N/A,N/A,N/A,N/A,0.3000021023349509,0.0,0.0
16.7,0,Road ID,N/A,-3274.9787,-17352.923,29.9311,0,,Auto-driving,3,0,-1,0,red,N/A,N/A,N/A,N/A,0.30000210229957236,0.0,0.0
16.75,0,Road ID,N/A,-3275.421,-17351.4933,29.9311,0,,Auto-driving,3,0,-1,0,red,N/A,N/A,N/A,N/A,0.30000210226603613,0.0,0.0
16.8,0,Road ID,N/A,-3275.8633,-17350.0636,29.9312,0,,Auto-driving,3,0,-1,0,red,N/A,N/A,N/A,N/A,0.3000021022327875,0.0,0.0
16.85,0,Road ID,N/A,-3276.3055,-17348.6338,29.9312,0,,Auto-driving,3,0,-1,0,red,N/A,N/A,N/A,N/A,0.3000021022021412,0.0,0.0
16.9,0,Road ID,N/A,-3276.7478,-17347.2041,29.9313,0,,Auto-driving,3,0,-1,0,red,N/A,N/A,N/A,N/A,0.3000021021721084,0.0,0.0
16.95,0,Road ID,N/A,-3277.19,-17345.7744,29.9313,0,,Auto-driving,3,0,-1,0,red,N/A,N/A,N/A,N/A,0.300002102144139,0.0,0.0
17.0,0,Road ID,N/A,-3277.6323,-17344.3447,29.9313,0,,Auto-driving,3,0,-1,0,red,N/A,N/A,N/A,N/A,0.3000021021168333,0.0,0.0
17.05,0,Road ID,N/A,-3278.0746,-17342.9149,29.9314,0,,Auto-driving,3,0,-1,0,red,N/A,N/A,N/A,N/A,0.30000210209103173,0.0,0.0
17.1,0,Road ID,N/A,-3278.5168,-17341.4852,29.9314,0,,Auto-driving,3,0,-1,0,red,N/A,N/A,N/A,N/A,0.3000021020663428,0.0,0.0
17.15,0,Road ID,N/A,-3278.9591,-17340.0555,29.9314,0,,Auto-driving,3,0,-1,0,red,N/A,N/A,N/A,N/A,0.3000021020426121,0.0,0.0
17.2,0,Road ID,N/A,-3279.4014,-17338.6258,29.9315,0,,Auto-driving,3,0,-1,0,red,N/A,N/A,N/A,N/A,0.3000021020202896,0.0,0.0
17.25,0,Road ID,N/A,-3279.8436,-17337.196,29.9315,0,,Auto-driving,3,0,-1,0,red,N/A,N/A,N/A,N/A,0.3000021019987992,0.0,0.0
17.3,0,Road ID,N/A,-3280.2859,-17335.7663,29.9315,0,,Auto-driving,3,0,-1,0,red,N/A,N/A,N/A,N/A,0.30000210197818067,0.0,0.0
17.35,0,Road ID,N/A,-3280.7282,-17334.3366,29.9316,0,,Auto-driving,3,0,-1,0,red,N/A,N/A,N/A,N/A,0.3000021019582219,0.0,0.0
17.4,0,Road ID,N/A,-3281.1705,-17332.9068,29.9316,0,,Auto-driving,3,0,-1,0,red,N/A,N/A,N/A,N/A,0.30000210193927884,0.0,0.0
17.45,0,Road ID,N/A,-3281.6127,-17331.4771,29.9316,0,,Auto-driving,3,0,-1,0,red,N/A,N/A,N/A,N/A,0.30000210192144905,0.0,0.0
17.5,0,Road ID,N/A,-3282.055,-17330.0473,29.9316,0,,Auto-driving,3,0,-1,0,red,N/A,N/A,N/A,N/A,0.30000210190411153,0.0,0.0
17.55,0,Road ID,N/A,-3282.4973,-17328.6176,29.9317,0,,Auto-driving,3,0,-1,0,red,N/A,N/A,N/A,N/A,0.30000210188769033,0.0,0.0
17.6,0,Road ID,N/A,-3282.9395,-17327.1879,29.9317,0,,Auto-driving,3,0,-1,0,red,N/A,N/A,N/A,N/A,0.3000021018718919,0.0,0.0
17.65,0,Road ID,N/A,-3283.3818,-17325.7581,29.9317,0,,Auto-driving,3,0,-1,0,red,N/A,N/A,N/A,N/A,0.3000021018569578,0.0,0.0
17.7,0,Road ID,N/A,-3283.8241,-17324.3284,29.9317,0,,Auto-driving,3,0,-1,0,red,N/A,N/A,N/A,N/A,0.3000021018427669,0.0,0.0
17.75,0,Road ID,N/A,-3284.2663,-17322.8986,29.9317,0,,Auto-driving,3,0,-1,0,red,N/A,N/A,N/A,N/A,0.3000021018291633,0.0,0.0
17.8,0,Road ID,N/A,-3284.7086,-17321.4689,29.9317,0,,Auto-driving,3,0,-1,0,red,N/A,N/A,N/A,N/A,0.30000210181605486,0.0,0.0
17.85,0,Road ID,N/A,-3285.1509,-17320.0391,29.9318,0,,Auto-driving,3,0,-1,0,red,N/A,N/A,N/A,N/A,0.3000021018034829,0.0,0.0
17.9,0,Road ID,N/A,-3285.5932,-17318.6094,29.9318,0,,Auto-driving,3,0,-1,0,red,N/A,N/A,N/A,N/A,0.3000021017916725,0.0,0.0
17.95,0,Road ID,N/A,-3286.0354,-17317.1796,29.9318,0,,Auto-driving,3,0,-1,0,red,N/A,N/A,N/A,N/A,0.3000021017801181,0.0,0.0
18.0,0,Road ID,N/A,-3286.4777,-17315.7499,29.9318,0,,Auto-driving,3,0,-1,0,red,N/A,N/A,N/A,N/A,0.30000210176974806,0.0,0.0
18.05,0,Road ID,N/A,-3286.92,-17314.3202,29.9318,0,,Auto-driving,3,0,-1,0,red,N/A,N/A,N/A,N/A,0.30000210175863273,0.0,0.0
18.1,0,Road ID,N/A,-3287.3623,-17312.8904,29.9318,0,,Auto-driving,3,0,-1,0,red,N/A,N/A,N/A,N/A,0.30000210174878883,0.0,0.0
18.15,0,Road ID,N/A,-3287.8045,-17311.4607,29.9319,0,,Auto-driving,3,0,-1,0,red,N/A,N/A,N/A,N/A,0.3000021017388938,0.0,0.0
18.2,0,Road ID,N/A,-3288.2468,-17310.0309,29.9319,0,,Auto-driving,3,0,-1,0,red,N/A,N/A,N/A,N/A,0.3000021017299831,0.0,0.0
18.25,0,Road ID,N/A,-3288.6891,-17308.6012,29.9319,0,,Auto-driving,3,0,-1,0,red,N/A,N/A,N/A,N/A,0.30000210172097413,0.0,0.0
18.3,0,Road ID,N/A,-3289.1314,-17307.1714,29.9319,0,,Auto-driving,3,0,-1,0,red,N/A,N/A,N/A,N/A,0.3000021017124122,0.0,0.0
18.35,0,Road ID,N/A,-3289.5736,-17305.7417,29.9319,0,,Auto-driving,3,0,-1,0,red,N/A,N/A,N/A,N/A,0.3000021017043997,0.0,0.0
18.4,0,Road ID,N/A,-3290.0159,-17304.3119,29.9319,0,,Auto-driving,3,0,-1,0,red,N/A,N/A,N/A,N/A,0.3000021016968168,0.0,0.0
18.45,0,Road ID,N/A,-3290.4582,-17302.8821,29.9319,0,,Auto-driving,3,0,-1,0,red,N/A,N/A,N/A,N/A,0.3000021016896099,0.0,0.0
18.5,0,Road ID,N/A,-3290.9004,-17301.4524,29.9319,0,,Auto-driving,3,0,-1,0,red,N/A,N/A,N/A,N/A,0.3000021016826425,0.0,0.0
18.55,0,Road ID,N/A,-3291.3427,-17300.0226,29.9319,0,,Auto-driving,3,0,-1,0,red,N/A,N/A,N/A,N/A,0.30000210167589836,0.0,0.0
18.6,0,Road ID,N/A,-3291.785,-17298.5929,29.9319,0,,Auto-driving,3,0,-1,0,red,N/A,N/A,N/A,N/A,0.30000210166948665,0.0,0.0
18.65,0,Road ID,N/A,-3292.2273,-17297.1631,29.932,0,,Auto-driving,3,0,-1,0,red,N/A,N/A,N/A,N/A,0.3000021016634332,0.0,0.0
18.7,0,Road ID,N/A,-3292.6695,-17295.7334,29.932,0,,Auto-driving,3,0,-1,0,red,N/A,N/A,N/A,N/A,0.3000021016578471,0.0,0.0
18.75,0,Road ID,N/A,-3293.1118,-17294.3036,29.932,0,,Auto-driving,3,0,-1,0,red,N/A,N/A,N/A,N/A,0.3000021016523474,0.0,0.0
18.8,0,Road ID,N/A,-3293.5541,-17292.8739,29.932,0,,Auto-driving,3,0,-1,0,red,N/A,N/A,N/A,N/A,0.30000210164716895,0.0,0.0
18.85,0,Road ID,N/A,-3293.9964,-17291.4441,29.932,0,,Auto-driving,3,0,-1,0,red,N/A,N/A,N/A,N/A,0.3000021016418164,0.0,0.0
18.9,0,Road ID,N/A,-3294.4386,-17290.0144,29.932,0,,Auto-driving,3,0,-1,0,red,N/A,N/A,N/A,N/A,0.300002101636909,0.0,0.0
18.95,0,Road ID,N/A,-3294.8809,-17288.5846,29.932,0,,Auto-driving,3,0,-1,0,red,N/A,N/A,N/A,N/A,0.30000210163231344,0.0,0.0
19.0,0,Road ID,N/A,-3295.3232,-17287.1548,29.932,0,,Auto-driving,3,0,-1,0,red,N/A,N/A,N/A,N/A,0.30000210162773555,0.0,0.0
19.05,0,Road ID,N/A,-3295.7655,-17285.7251,29.932,0,,Auto-driving,3,0,-1,0,red,N/A,N/A,N/A,N/A,0.3000021016234778,0.0,0.0
19.1,0,Road ID,N/A,-3296.2078,-17284.2953,29.932,0,,Auto-driving,3,0,-1,0,red,N/A,N/A,N/A,N/A,0.30000210161959656,0.0,0.0
19.15,0,Road ID,N/A,-3296.65,-17282.8656,29.932,0,,Auto-driving,3,0,-1,0,red,N/A,N/A,N/A,N/A,0.30000210161566493,0.0,0.0
19.2,0,Road ID,N/A,-3297.0923,-17281.4358,29.932,0,,Auto-driving,3,0,-1,0,red,N/A,N/A,N/A,N/A,0.3000021016120865,0.0,0.0
19.25,0,Road ID,N/A,-3297.5346,-17280.0061,29.932,0,,Auto-driving,3,0,-1,0,red,N/A,N/A,N/A,N/A,0.30000210160855256,0.0,0.0
19.3,0,Road ID,N/A,-3297.9769,-17278.5763,29.932,0,,Auto-driving,3,0,-1,0,red,N/A,N/A,N/A,N/A,0.30000210160595814,0.0,0.0
19.35,0,Road ID,N/A,-3298.4191,-17277.1465,29.932,0,,Auto-driving,3,0,-1,0,red,N/A,N/A,N/A,N/A,0.30000210160211954,0.0,0.0
19.4,0,Road ID,N/A,-3298.8614,-17275.7168,29.932,0,,Auto-driving,3,0,-1,0,red,N/A,N/A,N/A,N/A,0.3000021015991538,0.0,0.0
19.45,0,Road ID,N/A,-3299.3037,-17274.287,29.932,0,,Auto-driving,3,0,-1,0,red,N/A,N/A,N/A,N/A,0.3000021015960811,0.0,0.0
19.5,0,Road ID,N/A,-3299.746,-17272.8573,29.932,0,,Auto-driving,3,0,-1,0,red,N/A,N/A,N/A,N/A,0.30000210159325064,0.0,0.0
19.55,0,Road ID,N/A,-3300.1882,-17271.4275,29.932,0,,Auto-driving,3,0,-1,0,red,N/A,N/A,N/A,N/A,0.30000210159052104,0.0,0.0
19.6,0,Road ID,N/A,-3300.6305,-17269.9977,29.9321,0,,Auto-driving,3,0,-1,0,red,N/A,N/A,N/A,N/A,0.3000021015881831,0.0,0.0
19.65,0,Road ID,N/A,-3301.0728,-17268.568,29.9321,0,,Auto-driving,3,0,-1,0,red,N/A,N/A,N/A,N/A,0.3000021015857279,0.0,0.0
19.7,0,Road ID,N/A,-3301.5151,-17267.1382,29.9321,0,,Auto-driving,3,0,-1,0,red,N/A,N/A,N/A,N/A,0.3000021015833447,0.0,0.0
19.75,0,Road ID,N/A,-3301.9573,-17265.7085,29.9321,0,,Auto-driving,3,0,-1,0,red,N/A,N/A,N/A,N/A,0.3000021015809653,0.0,0.0
19.8,0,Road ID,N/A,-3302.3996,-17264.2787,29.9321,0,,Auto-driving,3,0,-1,0,red,N/A,N/A,N/A,N/A,0.30000210157867646,0.0,0.0
19.85,0,Road ID,N/A,-3302.8419,-17262.8489,29.9321,0,,Auto-driving,3,0,-1,0,red,N/A,N/A,N/A,N/A,0.3000021015765594,0.0,0.0
19.9,0,Road ID,N/A,-3303.2842,-17261.4192,29.9321,0,,Auto-driving,3,0,-1,0,red,N/A,N/A,N/A,N/A,0.3000021015745134,0.0,0.0
19.95,0,Road ID,N/A,-3303.7264,-17259.9894,29.9321,0,,Auto-driving,3,0,-1,0,red,N/A,N/A,N/A,N/A,0.3000021015723841,0.0,0.0
20.0,0,Road ID,N/A,-3304.1687,-17258.5597,29.9321,0,,Auto-driving,3,0,-1,0,red,N/A,N/A,N/A,N/A,0.3000021015708381,0.0,0.0
20.05,0,Road ID,N/A,-3304.611,-17257.1299,29.9321,0,,Auto-driving,3,0,-1,0,red,N/A,N/A,N/A,N/A,0.3000021015692513,0.0,0.0
20.1,0,Road ID,N/A,-3305.0533,-17255.7001,29.9321,0,,Auto-driving,3,0,-1,0,red,N/A,N/A,N/A,N/A,0.3000021015676297,0.0,0.0
20.15,0,Road ID,N/A,-3305.4956,-17254.2704,29.9321,0,,Auto-driving,3,0,-1,0,red,N/A,N/A,N/A,N/A,0.30000210156599577,0.0,0.0
20.2,0,Road ID,N/A,-3305.9378,-17252.8406,29.9321,0,,Auto-driving,3,0,-1,0,red,N/A,N/A,N/A,N/A,0.30000210156458745,0.0,0.0
20.25,0,Road ID,N/A,-3306.3801,-17251.4109,29.9321,0,,Auto-driving,3,0,-1,0,red,N/A,N/A,N/A,N/A,0.30000210156321316,0.0,0.0
20.3,0,Road ID,N/A,-3306.8224,-17249.9811,29.9321,0,,Auto-driving,3,0,-1,0,red,N/A,N/A,N/A,N/A,0.3000021015617031,0.0,0.0
20.35,0,Road ID,N/A,-3307.2647,-17248.5513,29.9321,0,,Auto-driving,3,0,-1,0,red,N/A,N/A,N/A,N/A,0.3000021015603629,0.0,0.0
20.4,0,Road ID,N/A,-3307.7069,-17247.1216,29.9321,0,,Auto-driving,3,0,-1,0,red,N/A,N/A,N/A,N/A,0.3000021015591377,0.0,0.0
20.45,0,Road ID,N/A,-3308.1492,-17245.6918,29.9321,0,,Auto-driving,3,0,-1,0,red,N/A,N/A,N/A,N/A,0.3000021015579474,0.0,0.0
20.5,0,Road ID,N/A,-3308.5915,-17244.2621,29.9321,0,,Auto-driving,3,0,-1,0,red,N/A,N/A,N/A,N/A,0.30000210155709084,0.0,0.0
20.55,0,Road ID,N/A,-3309.0338,-17242.8323,29.9321,0,,Auto-driving,3,0,-1,0,red,N/A,N/A,N/A,N/A,0.30000210155602347,0.0,0.0
20.6,0,Road ID,N/A,-3309.476,-17241.4025,29.9321,0,,Auto-driving,3,0,-1,0,red,N/A,N/A,N/A,N/A,0.30000210155541673,0.0,0.0
20.65,0,Road ID,N/A,-3309.9183,-17239.9728,29.9321,0,,Auto-driving,3,0,-1,0,red,N/A,N/A,N/A,N/A,0.30000210155368406,0.0,0.0
20.7,0,Road ID,N/A,-3310.3606,-17238.543,29.9321,0,,Auto-driving,3,0,-1,0,red,N/A,N/A,N/A,N/A,0.3000021015529376,0.0,0.0
20.75,0,Road ID,N/A,-3310.8029,-17237.1133,29.9321,0,,Auto-driving,3,0,-1,0,red,N/A,N/A,N/A,N/A,0.3000021015517427,0.0,0.0
20.8,0,Road ID,N/A,-3311.2452,-17235.6835,29.9321,0,,Auto-driving,3,0,-1,0,red,N/A,N/A,N/A,N/A,0.30000210155115536,0.0,0.0
20.85,0,Road ID,N/A,-3311.6874,-17234.2537,29.9321,0,,Auto-driving,3,0,-1,0,red,N/A,N/A,N/A,N/A,0.30000210155053164,0.0,0.0
20.9,0,Road ID,N/A,-3312.1297,-17232.824,29.9321,0,,Auto-driving,3,0,-1,0,red,N/A,N/A,N/A,N/A,0.3000021015496915,0.0,0.0
20.95,0,Road ID,N/A,-3312.572,-17231.3942,29.9321,0,,Auto-driving,3,0,-1,0,red,N/A,N/A,N/A,N/A,0.3000021015487206,0.0,0.0
21.0,0,Road ID,N/A,-3313.0143,-17229.9644,29.9321,0,,Auto-driving,3,0,-1,0,red,N/A,N/A,N/A,N/A,0.3000021015478544,0.0,0.0
21.05,0,Road ID,N/A,-3313.4565,-17228.5347,29.9321,0,,Auto-driving,3,0,-1,0,red,N/A,N/A,N/A,N/A,0.3000021015470113,0.0,0.0
21.1,0,Road ID,N/A,-3313.8988,-17227.1049,29.9321,0,,Auto-driving,3,0,-1,0,red,N/A,N/A,N/A,N/A,0.30000210154638923,0.0,0.0
21.15,0,Road ID,N/A,-3314.3411,-17225.6752,29.9321,0,,Auto-driving,3,0,-1,0,red,N/A,N/A,N/A,N/A,0.30000210154563167,0.0,0.0
21.2,0,Road ID,N/A,-3314.7834,-17224.2454,29.9321,0,,Auto-driving,3,0,-1,0,red,N/A,N/A,N/A,N/A,0.30000210154509743,0.0,0.0
21.25,0,Road ID,N/A,-3315.2256,-17222.8156,29.9321,0,,Auto-driving,3,0,-1,0,red,N/A,N/A,N/A,N/A,0.30000210154440404,0.0,0.0
21.3,0,Road ID,N/A,-3315.6679,-17221.3859,29.9321,0,,Auto-driving,3,0,-1,0,red,N/A,N/A,N/A,N/A,0.3000021015439371,0.0,0.0
21.35,0,Road ID,N/A,-3316.1102,-17219.9561,29.9321,0,,Auto-driving,3,0,-1,0,red,N/A,N/A,N/A,N/A,0.3000021015434695,0.0,0.0
21.4,0,Road ID,N/A,-3316.5525,-17218.5263,29.9321,0,,Auto-driving,3,0,-1,0,red,N/A,N/A,N/A,N/A,0.3000021015429804,0.0,0.0
21.45,0,Road ID,N/A,-3316.9948,-17217.0966,29.9321,0,,Auto-driving,3,0,-1,0,red,N/A,N/A,N/A,N/A,0.30000210154246826,0.0,0.0
21.5,0,Road ID,N/A,-3317.437,-17215.6668,29.9321,0,,Auto-driving,3,0,-1,0,red,N/A,N/A,N/A,N/A,0.3000021015421678,0.0,0.0
21.55,0,Road ID,N/A,-3317.8793,-17214.2371,29.9321,0,,Auto-driving,3,0,-1,0,red,N/A,N/A,N/A,N/A,0.30000210154169654,0.0,0.0
21.6,0,Road ID,N/A,-3318.3216,-17212.8073,29.9321,0,,Auto-driving,3,0,-1,0,red,N/A,N/A,N/A,N/A,0.30000210154125645,0.0,0.0
21.65,0,Road ID,N/A,-3318.7639,-17211.3775,29.9321,0,,Auto-driving,3,0,-1,0,red,N/A,N/A,N/A,N/A,0.30000210154084134,0.0,0.0
21.7,0,Road ID,N/A,-3319.2061,-17209.9478,29.9321,0,,Auto-driving,3,0,-1,0,red,N/A,N/A,N/A,N/A,0.30000210154038526,0.0,0.0
21.75,0,Road ID,N/A,-3319.6484,-17208.518,29.9321,0,,Auto-driving,3,0,-1,0,red,N/A,N/A,N/A,N/A,0.30000210154003026,0.0,0.0
21.8,0,Road ID,N/A,-3320.0907,-17207.0883,29.9321,0,,Auto-driving,3,0,-1,0,red,N/A,N/A,N/A,N/A,0.30000210153965917,0.0,0.0
21.85,0,Road ID,N/A,-3320.533,-17205.6585,29.9321,0,,Auto-driving,3,0,-1,0,red,N/A,N/A,N/A,N/A,0.30000210153938006,0.0,0.0
21.9,0,Road ID,N/A,-3320.9753,-17204.2287,29.9321,0,,Auto-driving,3,0,-1,0,red,N/A,N/A,N/A,N/A,0.3000021015390979,0.0,0.0
21.95,0,Road ID,N/A,-3321.4175,-17202.799,29.9321,0,,Auto-driving,3,0,-1,0,red,N/A,N/A,N/A,N/A,0.3000021015387021,0.0,0.0
22.0,0,Road ID,N/A,-3321.8598,-17201.3692,29.9321,0,,Auto-driving,3,0,-1,0,red,N/A,N/A,N/A,N/A,0.3000021015384621,0.0,0.0
22.05,0,Road ID,N/A,-3322.3021,-17199.9394,29.9321,0,,Auto-driving,3,0,-1,0,red,N/A,N/A,N/A,N/A,0.30000210153807844,0.0,0.0
22.1,0,Road ID,N/A,-3322.7444,-17198.5097,29.9321,0,,Auto-driving,3,0,-1,0,red,N/A,N/A,N/A,N/A,0.3000021015379687,0.0,0.0
22.15,0,Road ID,N/A,-3323.1866,-17197.0799,29.9321,0,,Auto-driving,3,0,-1,0,red,N/A,N/A,N/A,N/A,0.3000021015378315,0.0,0.0
22.2,0,Road ID,N/A,-3323.6289,-17195.6502,29.9321,0,,Auto-driving,3,0,-1,0,red,N/A,N/A,N/A,N/A,0.30000210153831924,0.0,0.0
22.25,0,Road ID,N/A,-3324.0712,-17194.2204,29.9321,0,,Auto-driving,3,0,-1,0,red,N/A,N/A,N/A,N/A,0.30000210153758805,0.0,0.0
22.3,0,Road ID,N/A,-3324.5135,-17192.7906,29.9321,0,,Auto-driving,3,0,-1,0,red,N/A,N/A,N/A,N/A,0.30000210153755014,0.0,0.0
22.35,0,Road ID,N/A,-3324.9557,-17191.3609,29.9321,0,,Auto-driving,3,0,-1,0,red,N/A,N/A,N/A,N/A,0.3000021015368578,0.0,0.0
22.4,0,Road ID,N/A,-3325.398,-17189.9311,29.9321,0,,Auto-driving,3,0,-1,0,red,N/A,N/A,N/A,N/A,0.3000021015367198,0.0,0.0
22.45,0,Road ID,N/A,-3325.8403,-17188.5013,29.9321,0,,Auto-driving,3,0,-1,0,red,N/A,N/A,N/A,N/A,0.3000021015363816,0.0,0.0
22.5,0,Road ID,N/A,-3326.2826,-17187.0716,29.9321,0,,Auto-driving,3,0,-1,0,red,N/A,N/A,N/A,N/A,0.3000021015361715,0.0,0.0
22.55,0,Road ID,N/A,-3326.7249,-17185.6418,29.9321,0,,Auto-driving,3,0,-1,0,red,N/A,N/A,N/A,N/A,0.3000021015359332,0.0,0.0
22.6,0,Road ID,N/A,-3327.1671,-17184.2121,29.9321,0,,Auto-driving,3,0,-1,0,red,N/A,N/A,N/A,N/A,0.30000210153579826,0.0,0.0
22.65,0,Road ID,N/A,-3327.6094,-17182.7823,29.9321,0,,Auto-driving,3,0,-1,0,red,N/A,N/A,N/A,N/A,0.30000210153548046,0.0,0.0
22.7,0,Road ID,N/A,-3328.0517,-17181.3525,29.9321,0,,Auto-driving,3,0,-1,0,red,N/A,N/A,N/A,N/A,0.30000210153528845,0.0,0.0
22.75,0,Road ID,N/A,-3328.494,-17179.9228,29.9321,0,,Auto-driving,3,0,-1,0,red,N/A,N/A,N/A,N/A,0.3000021015352479,0.0,0.0
22.8,0,Road ID,N/A,-3328.9362,-17178.493,29.9321,0,,Auto-driving,3,0,-1,0,red,N/A,N/A,N/A,N/A,0.30000210153531853,0.0,0.0
22.85,0,Road ID,N/A,-3329.3785,-17177.0632,29.9321,0,,Auto-driving,3,0,-1,0,red,N/A,N/A,N/A,N/A,0.3000021015351854,0.0,0.0
22.9,0,Road ID,N/A,-3329.8208,-17175.6335,29.9321,0,,Auto-driving,3,0,-1,0,red,N/A,N/A,N/A,N/A,0.30000210153490414,0.0,0.0
22.95,0,Road ID,N/A,-3330.2631,-17174.2037,29.9321,0,,Auto-driving,3,0,-1,0,red,N/A,N/A,N/A,N/A,0.30000210153467843,0.0,0.0
23.0,0,Road ID,N/A,-3330.7054,-17172.774,29.9321,0,,Auto-driving,3,0,-1,0,red,N/A,N/A,N/A,N/A,0.3000021015345603,0.0,0.0
23.05,0,Road ID,N/A,-3331.1476,-17171.3442,29.9321,0,,Auto-driving,3,0,-1,0,red,N/A,N/A,N/A,N/A,0.3000021015344335,0.0,0.0
23.1,0,Road ID,N/A,-3331.5899,-17169.9144,29.9321,0,,Auto-driving,3,0,-1,0,red,N/A,N/A,N/A,N/A,0.3000021015343055,0.0,0.0
23.15,0,Road ID,N/A,-3332.0322,-17168.4847,29.9321,0,,Auto-driving,3,0,-1,0,red,N/A,N/A,N/A,N/A,0.3000021015341235,0.0,0.0
23.2,0,Road ID,N/A,-3332.4745,-17167.0549,29.9321,0,,Auto-driving,3,0,-1,0,red,N/A,N/A,N/A,N/A,0.30000210153410783,0.0,0.0
23.25,0,Road ID,N/A,-3332.9167,-17165.6251,29.9321,0,,Auto-driving,3,0,-1,0,red,N/A,N/A,N/A,N/A,0.3000021015339352,0.0,0.0
23.3,0,Road ID,N/A,-3333.359,-17164.1954,29.9321,0,,Auto-driving,3,0,-1,0,red,N/A,N/A,N/A,N/A,0.3000021015339401,0.0,0.0
23.35,0,Road ID,N/A,-3333.8013,-17162.7656,29.9321,0,,Auto-driving,3,0,-1,0,red,N/A,N/A,N/A,N/A,0.3000021015338391,0.0,0.0
23.4,0,Road ID,N/A,-3334.2436,-17161.3359,29.9321,0,,Auto-driving,3,0,-1,0,red,N/A,N/A,N/A,N/A,0.3000021015337137,0.0,0.0
23.45,0,Road ID,N/A,-3334.6859,-17159.9061,29.9321,0,,Auto-driving,3,0,-1,0,red,N/A,N/A,N/A,N/A,0.3000021015336955,0.0,0.0
23.5,0,Road ID,N/A,-3335.1281,-17158.4763,29.9321,0,,Auto-driving,3,0,-1,0,red,N/A,N/A,N/A,N/A,0.300002101533589,0.0,0.0
23.55,0,Road ID,N/A,-3335.5704,-17157.0466,29.9321,0,,Auto-driving,3,0,-1,0,red,N/A,N/A,N/A,N/A,0.30000210153357465,0.0,0.0
23.6,0,Road ID,N/A,-3336.0127,-17155.6168,29.9321,0,,Auto-driving,3,0,-1,0,red,N/A,N/A,N/A,N/A,0.30000210153347373,0.0,0.0
23.65,0,Road ID,N/A,-3336.455,-17154.187,29.9321,0,,Auto-driving,3,0,-1,0,red,N/A,N/A,N/A,N/A,0.3000021015334959,0.0,0.0
23.7,0,Road ID,N/A,-3336.8972,-17152.7573,29.9321,0,,Auto-driving,3,0,-1,0,red,N/A,N/A,N/A,N/A,0.3000021015336248,0.0,0.0
23.75,0,Road ID,N/A,-3337.3395,-17151.3275,29.9321,0,,Auto-driving,3,0,-1,0,red,N/A,N/A,N/A,N/A,0.30000210153348056,0.0,0.0
23.8,0,Road ID,N/A,-3337.7818,-17149.8978,29.9321,0,,Auto-driving,3,0,-1,0,red,N/A,N/A,N/A,N/A,0.3000021015333582,0.0,0.0
23.85,0,Road ID,N/A,-3338.2241,-17148.468,29.9321,0,,Auto-driving,3,0,-1,0,red,N/A,N/A,N/A,N/A,0.30000210153391194,0.0,0.0
23.9,0,Road ID,N/A,-3338.6663,-17147.0382,29.9321,0,,Auto-driving,3,0,-1,0,red,N/A,N/A,N/A,N/A,0.3000021015333407,0.0,0.0
23.95,0,Road ID,N/A,-3339.1086,-17145.6085,29.9321,0,,Auto-driving,3,0,-1,0,red,N/A,N/A,N/A,N/A,0.3000021015336555,0.0,0.0
24.0,0,Road ID,N/A,-3339.5509,-17144.1787,29.9321,0,,Auto-driving,3,0,-1,0,red,N/A,N/A,N/A,N/A,0.30000210153333184,0.0,0.0
24.05,0,Road ID,N/A,-3339.9932,-17142.7489,29.9321,0,,Auto-driving,3,0,-1,0,red,N/A,N/A,N/A,N/A,0.3000021015333711,0.0,0.0
24.1,0,Road ID,N/A,-3340.4355,-17141.3192,29.9321,0,,Auto-driving,3,0,-1,0,red,N/A,N/A,N/A,N/A,0.3000021015330352,0.0,0.0
24.15,0,Road ID,N/A,-3340.8777,-17139.8894,29.9321,0,,Auto-driving,3,0,-1,0,red,N/A,N/A,N/A,N/A,0.3000021015329852,0.0,0.0
24.2,0,Road ID,N/A,-3341.32,-17138.4597,29.9321,0,,Auto-driving,3,0,-1,0,red,N/A,N/A,N/A,N/A,0.30000210153302487,0.0,0.0
24.25,0,Road ID,N/A,-3341.7623,-17137.0299,29.9321,0,,Auto-driving,3,0,-1,0,red,N/A,N/A,N/A,N/A,0.3000021015327892,0.0,0.0
24.3,0,Road ID,N/A,-3342.2046,-17135.6001,29.9321,0,,Auto-driving,3,0,-1,0,red,N/A,N/A,N/A,N/A,0.3000021015328093,0.0,0.0
24.35,0,Road ID,N/A,-3342.6468,-17134.1704,29.9321,0,,Auto-driving,3,0,-1,0,red,N/A,N/A,N/A,N/A,0.3000021015328668,0.0,0.0
24.4,0,Road ID,N/A,-3343.0891,-17132.7406,29.9321,0,,Auto-driving,3,0,-1,0,red,N/A,N/A,N/A,N/A,0.3000021015326105,0.0,0.0
24.45,0,Road ID,N/A,-3343.5314,-17131.3108,29.9321,0,,Auto-driving,3,0,-1,0,red,N/A,N/A,N/A,N/A,0.3000021015326874,0.0,0.0
24.5,0,Road ID,N/A,-3343.9737,-17129.8811,29.9321,0,,Auto-driving,3,0,-1,0,red,N/A,N/A,N/A,N/A,0.3000021015327978,0.0,0.0
24.55,0,Road ID,N/A,-3344.416,-17128.4513,29.9321,0,,Auto-driving,3,0,-1,0,red,N/A,N/A,N/A,N/A,0.3000021015327145,0.0,0.0
24.6,0,Road ID,N/A,-3344.8582,-17127.0216,29.9321,0,,Auto-driving,3,0,-1,0,red,N/A,N/A,N/A,N/A,0.3000021015326252,0.0,0.0
24.65,0,Road ID,N/A,-3345.3005,-17125.5918,29.9321,0,,Auto-driving,3,0,-1,0,red,N/A,N/A,N/A,N/A,0.30000210153267004,0.0,0.0
24.7,0,Road ID,N/A,-3345.7428,-17124.162,29.9321,0,,Auto-driving,3,0,-1,0,red,N/A,N/A,N/A,N/A,0.30000210153274165,0.0,0.0
24.75,0,Road ID,N/A,-3346.1851,-17122.7323,29.9321,0,,Auto-driving,3,0,-1,0,red,N/A,N/A,N/A,N/A,0.30000210153272994,0.0,0.0
24.8,0,Road ID,N/A,-3346.6273,-17121.3025,29.9321,0,,Auto-driving,3,0,-1,0,red,N/A,N/A,N/A,N/A,0.30000210153263585,0.0,0.0
24.85,0,Road ID,N/A,-3347.0696,-17119.8727,29.9321,0,,Auto-driving,3,0,-1,0,red,N/A,N/A,N/A,N/A,0.3000021015325743,0.0,0.0
24.9,0,Road ID,N/A,-3347.5119,-17118.443,29.9321,0,,Auto-driving,3,0,-1,0,red,N/A,N/A,N/A,N/A,0.30000210153259743,0.0,0.0
24.95,0,Road ID,N/A,-3347.9542,-17117.0132,29.9321,0,,Auto-driving,3,0,-1,0,red,N/A,N/A,N/A,N/A,0.3000021015326334,0.0,0.0
25.0,0,Road ID,N/A,-3348.3965,-17115.5834,29.9321,0,,Auto-driving,3,0,-1,0,red,N/A,N/A,N/A,N/A,0.30000210153270707,0.0,0.0
25.05,0,Road ID,N/A,-3348.8387,-17114.1537,29.9321,0,,Auto-driving,3,0,-1,0,red,N/A,N/A,N/A,N/A,0.3000021015328271,0.0,0.0
25.1,0,Road ID,N/A,-3349.281,-17112.7239,29.9321,0,,Auto-driving,3,0,-1,0,red,N/A,N/A,N/A,N/A,0.30000210153347523,0.0,0.0
25.15,0,Road ID,N/A,-3349.7233,-17111.2942,29.9321,0,,Auto-driving,3,0,-1,0,red,N/A,N/A,N/A,N/A,0.30000210153282425,0.0,0.0
25.2,0,Road ID,N/A,-3350.1656,-17109.8644,29.9321,0,,Auto-driving,3,0,-1,0,red,N/A,N/A,N/A,N/A,0.30000210153295875,0.0,0.0
25.25,0,Road ID,N/A,-3350.6078,-17108.4346,29.9321,0,,Auto-driving,3,0,-1,0,red,N/A,N/A,N/A,N/A,0.30000210153256524,0.0,0.0
25.3,0,Road ID,N/A,-3351.0501,-17107.0049,29.9321,0,,Auto-driving,3,0,-1,0,red,N/A,N/A,N/A,N/A,0.3000021015327246,0.0,0.0
25.35,0,Road ID,N/A,-3351.4924,-17105.5751,29.9321,0,,Auto-driving,3,0,-1,0,red,N/A,N/A,N/A,N/A,0.30000210153259255,0.0,0.0
25.4,0,Road ID,N/A,-3351.9347,-17104.1453,29.9321,0,,Auto-driving,3,0,-1,0,red,N/A,N/A,N/A,N/A,0.3000021015327295,0.0,0.0
25.45,0,Road ID,N/A,-3352.3769,-17102.7156,29.9321,0,,Auto-driving,3,0,-1,0,red,N/A,N/A,N/A,N/A,0.30000210153260753,0.0,0.0
25.5,0,Road ID,N/A,-3352.8192,-17101.2858,29.9321,0,,Auto-driving,3,0,-1,0,red,N/A,N/A,N/A,N/A,0.3000021015325262,0.0,0.0
25.55,0,Road ID,N/A,-3353.2615,-17099.8561,29.9321,0,,Auto-driving,3,0,-1,0,red,N/A,N/A,N/A,N/A,0.30000210153253226,0.0,0.0
25.6,0,Road ID,N/A,-3353.7038,-17098.4263,29.9321,0,,Auto-driving,3,0,-1,0,red,N/A,N/A,N/A,N/A,0.3000021015324862,0.0,0.0
25.65,0,Road ID,N/A,-3354.1461,-17096.9965,29.9321,0,,Auto-driving,3,0,-1,0,red,N/A,N/A,N/A,N/A,0.30000210153231455,0.0,0.0
25.7,0,Road ID,N/A,-3354.5883,-17095.5668,29.9321,0,,Auto-driving,3,0,-1,0,red,N/A,N/A,N/A,N/A,0.30000210153244306,0.0,0.0
25.75,0,Road ID,N/A,-3355.0306,-17094.137,29.9321,0,,Auto-driving,3,0,-1,0,red,N/A,N/A,N/A,N/A,0.30000210153232115,0.0,0.0
25.8,0,Road ID,N/A,-3355.4729,-17092.7072,29.9321,0,,Auto-driving,3,0,-1,0,red,N/A,N/A,N/A,N/A,0.30000210153240375,0.0,0.0
25.85,0,Road ID,N/A,-3355.9152,-17091.2775,29.9321,0,,Auto-driving,3,0,-1,0,red,N/A,N/A,N/A,N/A,0.30000210153239865,0.0,0.0
25.9,0,Road ID,N/A,-3356.3574,-17089.8477,29.9321,0,,Auto-driving,3,0,-1,0,red,N/A,N/A,N/A,N/A,0.3000021015324219,0.0,0.0
25.95,0,Road ID,N/A,-3356.7997,-17088.418,29.9321,0,,Auto-driving,3,0,-1,0,red,N/A,N/A,N/A,N/A,0.30000210153235896,0.0,0.0
26.0,0,Road ID,N/A,-3357.242,-17086.9882,29.9321,0,,Auto-driving,3,0,-1,0,red,N/A,N/A,N/A,N/A,0.30000210153252044,0.0,0.0
26.05,0,Road ID,N/A,-3357.6843,-17085.5584,29.9321,0,,Auto-driving,3,0,-1,0,red,N/A,N/A,N/A,N/A,0.30000210153243384,0.0,0.0
26.1,0,Road ID,N/A,-3358.1266,-17084.1287,29.9321,0,,Auto-driving,3,0,-1,0,red,N/A,N/A,N/A,N/A,0.30000210153240275,0.0,0.0
26.15,0,Road ID,N/A,-3358.5688,-17082.6989,29.9321,0,,Auto-driving,3,0,-1,0,red,N/A,N/A,N/A,N/A,0.3000021015324113,0.0,0.0
26.2,0,Road ID,N/A,-3359.0111,-17081.2691,29.9321,0,,Auto-driving,3,0,-1,0,red,N/A,N/A,N/A,N/A,0.30000210153300816,0.0,0.0
26.25,0,Road ID,N/A,-3359.4534,-17079.8394,29.9321,0,,Auto-driving,3,0,-1,0,red,N/A,N/A,N/A,N/A,0.300002101532491,0.0,0.0
26.3,0,Road ID,N/A,-3359.8957,-17078.4096,29.9321,0,,Auto-driving,3,0,-1,0,red,N/A,N/A,N/A,N/A,0.30000210153278173,0.0,0.0
26.35,0,Road ID,N/A,-3360.3379,-17076.9799,29.9321,0,,Auto-driving,3,0,-1,0,red,N/A,N/A,N/A,N/A,0.3000021015325898,0.0,0.0
26.4,0,Road ID,N/A,-3360.7802,-17075.5501,29.9321,0,,Auto-driving,3,0,-1,0,red,N/A,N/A,N/A,N/A,0.3000021015328243,0.0,0.0
26.45,0,Road ID,N/A,-3361.2225,-17074.1203,29.9321,0,,Auto-driving,3,0,-1,0,red,N/A,N/A,N/A,N/A,0.3000021015327758,0.0,0.0
26.5,0,Road ID,N/A,-3361.6648,-17072.6906,29.9321,0,,Auto-driving,3,0,-1,0,red,N/A,N/A,N/A,N/A,0.30000210153272183,0.0,0.0
26.55,0,Road ID,N/A,-3362.1071,-17071.2608,29.9321,0,,Auto-driving,3,0,-1,0,red,N/A,N/A,N/A,N/A,0.30000210153245355,0.0,0.0
26.6,0,Road ID,N/A,-3362.5493,-17069.831,29.9321,0,,Auto-driving,3,0,-1,0,red,N/A,N/A,N/A,N/A,0.30000210153235013,0.0,0.0
26.65,0,Road ID,N/A,-3362.9916,-17068.4013,29.9321,0,,Auto-driving,3,0,-1,0,red,N/A,N/A,N/A,N/A,0.30000210153238005,0.0,0.0
26.7,0,Road ID,N/A,-3363.4339,-17066.9715,29.9321,0,,Auto-driving,3,0,-1,0,red,N/A,N/A,N/A,N/A,0.3000021015323932,0.0,0.0
26.75,0,Road ID,N/A,-3363.8762,-17065.5418,29.9321,0,,Auto-driving,3,0,-1,0,red,N/A,N/A,N/A,N/A,0.3000021015323886,0.0,0.0
26.8,0,Road ID,N/A,-3364.3184,-17064.112,29.9321,0,,Auto-driving,3,0,-1,0,red,N/A,N/A,N/A,N/A,0.30000210153244744,0.0,0.0
26.85,0,Road ID,N/A,-3364.7607,-17062.6822,29.9321,0,,Auto-driving,3,0,-1,0,red,N/A,N/A,N/A,N/A,0.3000021015324216,0.0,0.0
26.9,0,Road ID,N/A,-3365.203,-17061.2525,29.9321,0,,Auto-driving,3,0,-1,0,red,N/A,N/A,N/A,N/A,0.30000210153240675,0.0,0.0
26.95,0,Road ID,N/A,-3365.6453,-17059.8227,29.9321,0,,Auto-driving,3,0,-1,0,red,N/A,N/A,N/A,N/A,0.3000021015323736,0.0,0.0
27.0,0,Road ID,N/A,-3366.0875,-17058.3929,29.9321,0,,Auto-driving,3,0,-1,0,red,N/A,N/A,N/A,N/A,0.3000021015322794,0.0,0.0
27.05,0,Road ID,N/A,-3366.5298,-17056.9632,29.9321,0,,Auto-driving,3,0,-1,0,red,N/A,N/A,N/A,N/A,0.300002101532352,0.0,0.0
27.1,0,Road ID,N/A,-3366.9721,-17055.5334,29.9321,0,,Auto-driving,3,0,-1,0,red,N/A,N/A,N/A,N/A,0.3000021015323811,0.0,0.0
27.15,0,Road ID,N/A,-3367.4144,-17054.1037,29.9321,0,,Auto-driving,3,0,-1,0,red,N/A,N/A,N/A,N/A,0.3000021015330703,0.0,0.0
27.2,0,Road ID,N/A,-3367.8567,-17052.6739,29.9321,0,,Auto-driving,3,0,-1,0,red,N/A,N/A,N/A,N/A,0.3000021015326839,0.0,0.0
27.25,0,Road ID,N/A,-3368.2989,-17051.2441,29.9321,0,,Auto-driving,3,0,-1,0,red,N/A,N/A,N/A,N/A,0.30000210153283363,0.0,0.0
27.3,0,Road ID,N/A,-3368.7412,-17049.8144,29.9321,0,,Auto-driving,3,0,-1,0,red,N/A,N/A,N/A,N/A,0.30000210153236545,0.0,0.0
27.35,0,Road ID,N/A,-3369.1835,-17048.3846,29.9321,0,,Auto-driving,3,0,-1,0,red,N/A,N/A,N/A,N/A,0.30000210153233536,0.0,0.0
27.4,0,Road ID,N/A,-3369.6258,-17046.9548,29.9321,0,,Auto-driving,3,0,-1,0,red,N/A,N/A,N/A,N/A,0.3000021015321112,0.0,0.0
27.45,0,Road ID,N/A,-3370.068,-17045.5251,29.9321,0,,Auto-driving,3,0,-1,0,red,N/A,N/A,N/A,N/A,0.3000021015321893,0.0,0.0
27.5,0,Road ID,N/A,-3370.5103,-17044.0953,29.9321,0,,Auto-driving,3,0,-1,0,red,N/A,N/A,N/A,N/A,0.300002101532175,0.0,0.0
27.55,0,Road ID,N/A,-3370.9526,-17042.6656,29.9321,0,,Auto-driving,3,0,-1,0,red,N/A,N/A,N/A,N/A,0.3000021015321296,0.0,0.0
27.6,0,Road ID,N/A,-3371.3949,-17041.2358,29.9321,0,,Auto-driving,3,0,-1,0,red,N/A,N/A,N/A,N/A,0.30000210153212986,0.0,0.0
27.65,0,Road ID,N/A,-3371.8372,-17039.806,29.9321,0,,Auto-driving,3,0,-1,0,red,N/A,N/A,N/A,N/A,0.3000021015321664,0.0,0.0
27.7,0,Road ID,N/A,-3372.2794,-17038.3763,29.9321,0,,Auto-driving,3,0,-1,0,red,N/A,N/A,N/A,N/A,0.3000021015321482,0.0,0.0
27.75,0,Road ID,N/A,-3372.7217,-17036.9465,29.9321,0,,Auto-driving,3,0,-1,0,red,N/A,N/A,N/A,N/A,0.3000021015322774,0.0,0.0
27.8,0,Road ID,N/A,-3373.164,-17035.5167,29.9321,0,,Auto-driving,3,0,-1,0,red,N/A,N/A,N/A,N/A,0.30000210153226153,0.0,0.0
27.85,0,Road ID,N/A,-3373.6063,-17034.087,29.9321,0,,Auto-driving,3,0,-1,0,red,N/A,N/A,N/A,N/A,0.30000210153215157,0.0,0.0
27.9,0,Road ID,N/A,-3374.0485,-17032.6572,29.9321,0,,Auto-driving,3,0,-1,0,red,N/A,N/A,N/A,N/A,0.3000021015319186,0.0,0.0
27.95,0,Road ID,N/A,-3374.4908,-17031.2275,29.9321,0,,Auto-driving,3,0,-1,0,red,N/A,N/A,N/A,N/A,0.3000021015318292,0.0,0.0
28.0,0,Road ID,N/A,-3374.9331,-17029.7977,29.9321,0,,Auto-driving,3,0,-1,0,red,N/A,N/A,N/A,N/A,0.30000210153193746,0.0,0.0
28.05,0,Road ID,N/A,-3375.3754,-17028.3679,29.9321,0,,Auto-driving,3,0,-1,0,red,N/A,N/A,N/A,N/A,0.3000021015320268,0.0,0.0
28.1,0,Road ID,N/A,-3375.8177,-17026.9382,29.9321,0,,Auto-driving,3,0,-1,0,red,N/A,N/A,N/A,N/A,0.3000021015321478,0.0,0.0
28.15,0,Road ID,N/A,-3376.2599,-17025.5084,29.9321,0,,Auto-driving,3,0,-1,0,red,N/A,N/A,N/A,N/A,0.3000021015322279,0.0,0.0
28.2,0,Road ID,N/A,-3376.7022,-17024.0786,29.9321,0,,Auto-driving,3,0,-1,0,red,N/A,N/A,N/A,N/A,0.3000021015328132,0.0,0.0
28.25,0,Road ID,N/A,-3377.1445,-17022.6489,29.9321,0,,Auto-driving,3,0,-1,0,red,N/A,N/A,N/A,N/A,0.3000021015320848,0.0,0.0
28.3,0,Road ID,N/A,-3377.5868,-17021.2191,29.9321,0,,Auto-driving,3,0,-1,0,red,N/A,N/A,N/A,N/A,0.30000210153233836,0.0,0.0
28.35,0,Road ID,N/A,-3378.029,-17019.7893,29.9321,0,,Auto-driving,3,0,-1,0,red,N/A,N/A,N/A,N/A,0.30000210153195594,0.0,0.0
28.4,0,Road ID,N/A,-3378.4713,-17018.3596,29.9321,0,,Auto-driving,3,0,-1,0,red,N/A,N/A,N/A,N/A,0.3000021015321587,0.0,0.0
28.45,0,Road ID,N/A,-3378.9136,-17016.9298,29.9321,0,,Auto-driving,3,0,-1,0,red,N/A,N/A,N/A,N/A,0.30000210153225865,0.0,0.0
28.5,0,Road ID,N/A,-3379.3559,-17015.5001,29.9321,0,,Auto-driving,3,0,-1,0,red,N/A,N/A,N/A,N/A,0.3000021015323685,0.0,0.0
28.55,0,Road ID,N/A,-3379.7981,-17014.0703,29.9321,0,,Auto-driving,3,0,-1,0,red,N/A,N/A,N/A,N/A,0.30000210153226725,0.0,0.0
28.6,0,Road ID,N/A,-3380.2404,-17012.6405,29.9321,0,,Auto-driving,3,0,-1,0,red,N/A,N/A,N/A,N/A,0.3000021015324316,0.0,0.0
28.65,0,Road ID,N/A,-3380.6827,-17011.2108,29.9321,0,,Auto-driving,3,0,-1,0,red,N/A,N/A,N/A,N/A,0.300002101532434,0.0,0.0
28.7,0,Road ID,N/A,-3381.125,-17009.781,29.9321,0,,Auto-driving,3,0,-1,0,red,N/A,N/A,N/A,N/A,0.30000210153231394,0.0,0.0
28.75,0,Road ID,N/A,-3381.5673,-17008.3512,29.9321,0,,Auto-driving,3,0,-1,0,red,N/A,N/A,N/A,N/A,0.3000021015321856,0.0,0.0
28.8,0,Road ID,N/A,-3382.0095,-17006.9215,29.9321,0,,Auto-driving,3,0,-1,0,red,N/A,N/A,N/A,N/A,0.300002101532256,0.0,0.0
28.85,0,Road ID,N/A,-3382.4518,-17005.4917,29.9321,0,,Auto-driving,3,0,-1,0,red,N/A,N/A,N/A,N/A,0.3000021015322241,0.0,0.0
28.9,0,Road ID,N/A,-3382.8941,-17004.062,29.9321,0,,Auto-driving,3,0,-1,0,red,N/A,N/A,N/A,N/A,0.30000210153225065,0.0,0.0
28.95,0,Road ID,N/A,-3383.3364,-17002.6322,29.9321,0,,Auto-driving,3,0,-1,0,red,N/A,N/A,N/A,N/A,0.30000210153228674,0.0,0.0
29.0,0,Road ID,N/A,-3383.7786,-17001.2024,29.9321,0,,Auto-driving,3,0,-1,0,red,N/A,N/A,N/A,N/A,0.30000210153216583,0.0,0.0
29.05,0,Road ID,N/A,-3384.2209,-16999.7727,29.9321,0,,Auto-driving,3,0,-1,0,red,N/A,N/A,N/A,N/A,0.30000210153213197,0.0,0.0
29.1,0,Road ID,N/A,-3384.6632,-16998.3429,29.9321,0,,Auto-driving,3,0,-1,0,red,N/A,N/A,N/A,N/A,0.3000021015321729,0.0,0.0
29.15,0,Road ID,N/A,-3385.1055,-16996.9131,29.9321,0,,Auto-driving,3,0,-1,0,red,N/A,N/A,N/A,N/A,0.3000021015320938,0.0,0.0
29.2,0,Road ID,N/A,-3385.5478,-16995.4834,29.9321,0,,Auto-driving,3,0,-1,0,red,N/A,N/A,N/A,N/A,0.30000210153200746,0.0,0.0
29.25,0,Road ID,N/A,-3385.99,-16994.0536,29.9321,0,,Auto-driving,3,0,-1,0,red,N/A,N/A,N/A,N/A,0.30000210153189927,0.0,0.0
29.3,0,Road ID,N/A,-3386.4323,-16992.6239,29.9321,0,,Auto-driving,3,0,-1,0,red,N/A,N/A,N/A,N/A,0.30000210153184254,0.0,0.0
29.35,0,Road ID,N/A,-3386.8746,-16991.1941,29.9321,0,,Auto-driving,3,0,-1,0,red,N/A,N/A,N/A,N/A,0.3000021015318057,0.0,0.0
29.4,0,Road ID,N/A,-3387.3169,-16989.7643,29.9321,0,,Auto-driving,3,0,-1,0,red,N/A,N/A,N/A,N/A,0.30000210153173373,0.0,0.0
29.45,0,Road ID,N/A,-3387.7591,-16988.3346,29.9321,0,,Auto-driving,3,0,-1,0,red,N/A,N/A,N/A,N/A,0.30000210153191936,0.0,0.0
29.5,0,Road ID,N/A,-3388.2014,-16986.9048,29.9321,0,,Auto-driving,3,0,-1,0,red,N/A,N/A,N/A,N/A,0.3000021015320277,0.0,0.0
29.55,0,Road ID,N/A,-3388.6437,-16985.475,29.9321,0,,Auto-driving,3,0,-1,0,red,N/A,N/A,N/A,N/A,0.3000021015319763,0.0,0.0
29.6,0,Road ID,N/A,-3389.086,-16984.0453,29.9321,0,,Auto-driving,3,0,-1,0,red,N/A,N/A,N/A,N/A,0.30000210153214174,0.0,0.0
29.65,0,Road ID,N/A,-3389.5283,-16982.6155,29.9321,0,,Auto-driving,3,0,-1,0,red,N/A,N/A,N/A,N/A,0.30000210153218604,0.0,0.0
29.7,0,Road ID,N/A,-3389.9705,-16981.1858,29.9321,0,,Auto-driving,3,0,-1,0,red,N/A,N/A,N/A,N/A,0.3000021015322654,0.0,0.0
29.75,0,Road ID,N/A,-3390.4128,-16979.756,29.9321,0,,Auto-driving,3,0,-1,0,red,N/A,N/A,N/A,N/A,0.30000210153288975,0.0,0.0
29.8,0,Road ID,N/A,-3390.8551,-16978.3262,29.9321,0,,Auto-driving,3,0,-1,0,red,N/A,N/A,N/A,N/A,0.3000021015321074,0.0,0.0
29.85,0,Road ID,N/A,-3391.2974,-16976.8965,29.9321,0,,Auto-driving,3,0,-1,0,red,N/A,N/A,N/A,N/A,0.30000210153229945,0.0,0.0
29.9,0,Road ID,N/A,-3391.7396,-16975.4667,29.9321,0,,Auto-driving,3,0,-1,0,red,N/A,N/A,N/A,N/A,0.30000210153173784,0.0,0.0
29.95,0,Road ID,N/A,-3392.1819,-16974.0369,29.9321,0,,Auto-driving,3,0,-1,0,red,N/A,N/A,N/A,N/A,0.30000210153200846,0.0,0.0
30.0,0,Road ID,N/A,-3392.6242,-16972.6072,29.9321,0,,Auto-driving,3,0,-1,0,red,N/A,N/A,N/A,N/A,0.3000021015320438,0.0,0.0
30.05,0,Road ID,N/A,-3393.0665,-16971.1774,29.9321,0,,Auto-driving,3,0,-1,0,red,N/A,N/A,N/A,N/A,0.3000021015320472,0.0,0.0
30.1,0,Road ID,N/A,-3393.5087,-16969.7477,29.9321,0,,Auto-driving,3,0,-1,0,red,N/A,N/A,N/A,N/A,0.30000210153219836,0.0,0.0
30.15,0,Road ID,N/A,-3393.951,-16968.3179,29.9321,0,,Auto-driving,3,0,-1,0,red,N/A,N/A,N/A,N/A,0.3000021015323108,0.0,0.0
30.2,0,Road ID,N/A,-3394.3933,-16966.8881,29.9321,0,,Auto-driving,3,0,-1,0,red,N/A,N/A,N/A,N/A,0.30000210153225515,0.0,0.0
30.25,0,Road ID,N/A,-3394.8356,-16965.4584,29.9321,0,,Auto-driving,3,0,-1,0,red,N/A,N/A,N/A,N/A,0.3000021015323786,0.0,0.0
30.3,0,Road ID,N/A,-3395.2779,-16964.0286,29.9321,0,,Auto-driving,3,0,-1,0,red,N/A,N/A,N/A,N/A,0.3000021015322896,0.0,0.0
30.35,0,Road ID,N/A,-3395.7201,-16962.5988,29.9321,0,,Auto-driving,3,0,-1,0,red,N/A,N/A,N/A,N/A,0.30000210153230417,0.0,0.0
30.4,0,Road ID,N/A,-3396.1624,-16961.1691,29.9321,0,,Auto-driving,3,0,-1,0,red,N/A,N/A,N/A,N/A,0.3000021015321883,0.0,0.0
30.45,0,Road ID,N/A,-3396.6047,-16959.7393,29.9321,0,,Auto-driving,3,0,-1,0,red,N/A,N/A,N/A,N/A,0.30000210153224216,0.0,0.0
30.5,0,Road ID,N/A,-3397.047,-16958.3096,29.9321,0,,Auto-driving,3,0,-1,0,red,N/A,N/A,N/A,N/A,0.30000210153239865,0.0,0.0
30.55,0,Road ID,N/A,-3397.4892,-16956.8798,29.9321,0,,Auto-driving,3,0,-1,0,red,N/A,N/A,N/A,N/A,0.3000021015322541,0.0,0.0
30.6,0,Road ID,N/A,-3397.9315,-16955.45,29.9321,0,,Auto-driving,3,0,-1,0,red,N/A,N/A,N/A,N/A,0.30000210153243345,0.0,0.0
30.65,0,Road ID,N/A,-3398.3738,-16954.0203,29.9321,0,,Auto-driving,3,0,-1,0,red,N/A,N/A,N/A,N/A,0.3000021015331637,0.0,0.0
30.7,0,Road ID,N/A,-3398.8161,-16952.5905,29.9321,0,,Auto-driving,3,0,-1,0,red,N/A,N/A,N/A,N/A,0.3000021015327006,0.0,0.0
30.75,0,Road ID,N/A,-3399.2584,-16951.1607,29.9321,0,,Auto-driving,3,0,-1,0,red,N/A,N/A,N/A,N/A,0.3000021015329681,0.0,0.0
30.8,0,Road ID,N/A,-3399.7006,-16949.731,29.9321,0,,Auto-driving,3,0,-1,0,red,N/A,N/A,N/A,N/A,0.3000021015323855,0.0,0.0
30.85,0,Road ID,N/A,-3400.1429,-16948.3012,29.9321,0,,Auto-driving,3,0,-1,0,red,N/A,N/A,N/A,N/A,0.3000021015322798,0.0,0.0
30.9,0,Road ID,N/A,-3400.5852,-16946.8715,29.9321,0,,Auto-driving,3,0,-1,0,red,N/A,N/A,N/A,N/A,0.3000021015319348,0.0,0.0
30.95,0,Road ID,N/A,-3401.0275,-16945.4417,29.9321,0,,Auto-driving,3,0,-1,0,red,N/A,N/A,N/A,N/A,0.30000210153203627,0.0,0.0
31.0,0,Road ID,N/A,-3401.4697,-16944.0119,29.9321,0,,Auto-driving,3,0,-1,0,red,N/A,N/A,N/A,N/A,0.3000021015321657,0.0,0.0
31.05,0,Road ID,N/A,-3401.912,-16942.5822,29.9321,0,,Auto-driving,3,0,-1,0,red,N/A,N/A,N/A,N/A,0.3000021015322697,0.0,0.0
31.1,0,Road ID,N/A,-3402.3543,-16941.1524,29.9321,0,,Auto-driving,3,0,-1,0,red,N/A,N/A,N/A,N/A,0.3000021015322353,0.0,0.0
31.15,0,Road ID,N/A,-3402.7966,-16939.7226,29.9321,0,,Auto-driving,3,0,-1,0,red,N/A,N/A,N/A,N/A,0.3000021015322915,0.0,0.0
31.2,0,Road ID,N/A,-3403.2389,-16938.2929,29.9321,0,,Auto-driving,3,0,-1,0,red,N/A,N/A,N/A,N/A,0.30000210153217893,0.0,0.0
31.25,0,Road ID,N/A,-3403.6811,-16936.8631,29.9321,0,,Auto-driving,3,0,-1,0,red,N/A,N/A,N/A,N/A,0.3000021015323602,0.0,0.0
31.3,0,Road ID,N/A,-3404.1234,-16935.4333,29.9321,0,,Auto-driving,3,0,-1,0,red,N/A,N/A,N/A,N/A,0.30000210153228657,0.0,0.0
31.35,0,Road ID,N/A,-3404.5657,-16934.0036,29.9321,0,,Auto-driving,3,0,-1,0,red,N/A,N/A,N/A,N/A,0.3000021015322492,0.0,0.0
31.4,0,Road ID,N/A,-3405.008,-16932.5738,29.9321,0,,Auto-driving,3,0,-1,0,red,N/A,N/A,N/A,N/A,0.30000210153243584,0.0,0.0
31.45,0,Road ID,N/A,-3405.4502,-16931.1441,29.9321,0,,Auto-driving,3,0,-1,0,red,N/A,N/A,N/A,N/A,0.30000210153235973,0.0,0.0
31.5,0,Road ID,N/A,-3405.8925,-16929.7143,29.9321,0,,Auto-driving,3,0,-1,0,red,N/A,N/A,N/A,N/A,0.3000021015322578,0.0,0.0
31.55,0,Road ID,N/A,-3406.3348,-16928.2845,29.9321,0,,Auto-driving,3,0,-1,0,red,N/A,N/A,N/A,N/A,0.300002101532282,0.0,0.0
31.6,0,Road ID,N/A,-3406.7771,-16926.8548,29.9321,0,,Auto-driving,3,0,-1,0,red,N/A,N/A,N/A,N/A,0.3000021015321599,0.0,0.0
31.65,0,Road ID,N/A,-3407.2193,-16925.425,29.9321,0,,Auto-driving,3,0,-1,0,red,N/A,N/A,N/A,N/A,0.30000210153218543,0.0,0.0
31.7,0,Road ID,N/A,-3407.6616,-16923.9952,29.9321,0,,Auto-driving,3,0,-1,0,red,N/A,N/A,N/A,N/A,0.300002101532214,0.0,0.0
31.75,0,Road ID,N/A,-3408.1039,-16922.5655,29.9321,0,,Auto-driving,3,0,-1,0,red,N/A,N/A,N/A,N/A,0.30000210153221224,0.0,0.0
31.8,0,Road ID,N/A,-3408.5462,-16921.1357,29.9321,0,,Auto-driving,3,0,-1,0,red,N/A,N/A,N/A,N/A,0.30000210153221396,0.0,0.0
31.85,0,Road ID,N/A,-3408.9885,-16919.706,29.9321,0,,Auto-driving,3,0,-1,0,red,N/A,N/A,N/A,N/A,0.30000210153220364,0.0,0.0
31.9,0,Road ID,N/A,-3409.4307,-16918.2762,29.9321,0,,Auto-driving,3,0,-1,0,red,N/A,N/A,N/A,N/A,0.30000210153222234,0.0,0.0
31.95,0,Road ID,N/A,-3409.873,-16916.8464,29.9321,0,,Auto-driving,3,0,-1,0,red,N/A,N/A,N/A,N/A,0.3000021015320904,0.0,0.0
32.0,0,Road ID,N/A,-3410.3153,-16915.4167,29.9321,0,,Auto-driving,3,0,-1,0,red,N/A,N/A,N/A,N/A,0.30000210153207907,0.0,0.0
32.05,0,Road ID,N/A,-3410.7576,-16913.9869,29.9321,0,,Auto-driving,3,0,-1,0,red,N/A,N/A,N/A,N/A,0.30000210153266216,0.0,0.0
32.1,0,Road ID,N/A,-3411.1998,-16912.5571,29.9321,0,,Auto-driving,3,0,-1,0,red,N/A,N/A,N/A,N/A,0.3000021015319273,0.0,0.0
32.15,0,Road ID,N/A,-3411.6421,-16911.1274,29.9321,0,,Auto-driving,3,0,-1,0,red,N/A,N/A,N/A,N/A,0.30000210153217455,0.0,0.0
32.2,0,Road ID,N/A,-3412.0844,-16909.6976,29.9321,0,,Auto-driving,3,0,-1,0,red,N/A,N/A,N/A,N/A,0.3000021015319368,0.0,0.0
32.25,0,Road ID,N/A,-3412.5267,-16908.2679,29.9321,0,,Auto-driving,3,0,-1,0,red,N/A,N/A,N/A,N/A,0.30000210153212414,0.0,0.0
32.3,0,Road ID,N/A,-3412.969,-16906.8381,29.9321,0,,Auto-driving,3,0,-1,0,red,N/A,N/A,N/A,N/A,0.3000021015320621,0.0,0.0
32.35,0,Road ID,N/A,-3413.4112,-16905.4083,29.9321,0,,Auto-driving,3,0,-1,0,red,N/A,N/A,N/A,N/A,0.30000210153203705,0.0,0.0
32.4,0,Road ID,N/A,-3413.8535,-16903.9786,29.9321,0,,Auto-driving,3,0,-1,0,red,N/A,N/A,N/A,N/A,0.3000021015319664,0.0,0.0
32.45,0,Road ID,N/A,-3414.2958,-16902.5488,29.9321,0,,Auto-driving,3,0,-1,0,red,N/A,N/A,N/A,N/A,0.30000210153208534,0.0,0.0
32.5,0,Road ID,N/A,-3414.7381,-16901.119,29.9321,0,,Auto-driving,3,0,-1,0,red,N/A,N/A,N/A,N/A,0.30000210153229345,0.0,0.0
32.55,0,Road ID,N/A,-3415.1803,-16899.6893,29.9321,0,,Auto-driving,3,0,-1,0,red,N/A,N/A,N/A,N/A,0.30000210153232454,0.0,0.0
32.6,0,Road ID,N/A,-3415.6226,-16898.2595,29.9321,0,,Auto-driving,3,0,-1,0,red,N/A,N/A,N/A,N/A,0.300002101532313,0.0,0.0
32.65,0,Road ID,N/A,-3416.0649,-16896.8298,29.9321,0,,Auto-driving,3,0,-1,0,red,N/A,N/A,N/A,N/A,0.30000210153219253,0.0,0.0
32.7,0,Road ID,N/A,-3416.5072,-16895.4,29.9321,0,,Auto-driving,3,0,-1,0,red,N/A,N/A,N/A,N/A,0.30000210153213863,0.0,0.0
32.75,0,Road ID,N/A,-3416.9495,-16893.9702,29.9321,0,,Auto-driving,3,0,-1,0,red,N/A,N/A,N/A,N/A,0.3000021015321072,0.0,0.0
32.8,0,Road ID,N/A,-3417.3917,-16892.5405,29.9321,0,,Auto-driving,3,0,-1,0,red,N/A,N/A,N/A,N/A,0.30000210153202084,0.0,0.0
32.85,0,Road ID,N/A,-3417.834,-16891.1107,29.9321,0,,Auto-driving,3,0,-1,0,red,N/A,N/A,N/A,N/A,0.3000021015319443,0.0,0.0
32.9,0,Road ID,N/A,-3418.2763,-16889.6809,29.9321,0,,Auto-driving,3,0,-1,0,red,N/A,N/A,N/A,N/A,0.30000210153204465,0.0,0.0
32.95,0,Road ID,N/A,-3418.7186,-16888.2512,29.9321,0,,Auto-driving,3,0,-1,0,red,N/A,N/A,N/A,N/A,0.30000210153215967,0.0,0.0
33.0,0,Road ID,N/A,-3419.1608,-16886.8214,29.9321,0,,Auto-driving,3,0,-1,0,red,N/A,N/A,N/A,N/A,0.30000210153308837,0.0,0.0
33.05,0,Road ID,N/A,-3419.6031,-16885.3917,29.9321,0,,Auto-driving,3,0,-1,0,red,N/A,N/A,N/A,N/A,0.3000021015327473,0.0,0.0
33.1,0,Road ID,N/A,-3420.0454,-16883.9619,29.9321,0,,Auto-driving,3,0,-1,0,red,N/A,N/A,N/A,N/A,0.30000210153291434,0.0,0.0
33.15,0,Road ID,N/A,-3420.4877,-16882.5321,29.9321,0,,Auto-driving,3,0,-1,0,red,N/A,N/A,N/A,N/A,0.3000021015326101,0.0,0.0
33.2,0,Road ID,N/A,-3420.9299,-16881.1024,29.9321,0,,Auto-driving,3,0,-1,0,red,N/A,N/A,N/A,N/A,0.30000210153274104,0.0,0.0
33.25,0,Road ID,N/A,-3421.3722,-16879.6726,29.9321,0,,Auto-driving,3,0,-1,0,red,N/A,N/A,N/A,N/A,0.3000021015325225,0.0,0.0
33.3,0,Road ID,N/A,-3421.8145,-16878.2428,29.9321,0,,Auto-driving,3,0,-1,0,red,N/A,N/A,N/A,N/A,0.300002101532556,0.0,0.0
33.35,0,Road ID,N/A,-3422.2568,-16876.8131,29.9321,0,,Auto-driving,3,0,-1,0,red,N/A,N/A,N/A,N/A,0.3000021015325644,0.0,0.0
33.4,0,Road ID,N/A,-3422.6991,-16875.3833,29.9321,0,,Auto-driving,3,0,-1,0,red,N/A,N/A,N/A,N/A,0.3000021015325877,0.0,0.0
33.45,0,Road ID,N/A,-3423.1413,-16873.9536,29.9321,0,,Auto-driving,3,0,-1,0,red,N/A,N/A,N/A,N/A,0.300002101532607,0.0,0.0
33.5,0,Road ID,N/A,-3423.5836,-16872.5238,29.9321,0,,Auto-driving,3,0,-1,0,red,N/A,N/A,N/A,N/A,0.3000021015326899,0.0,0.0
33.55,0,Road ID,N/A,-3424.0259,-16871.094,29.9321,0,,Auto-driving,3,0,-1,0,red,N/A,N/A,N/A,N/A,0.3000021015327045,0.0,0.0
33.6,0,Road ID,N/A,-3424.4682,-16869.6643,29.9321,0,,Auto-driving,3,0,-1,0,red,N/A,N/A,N/A,N/A,0.30000210153276297,0.0,0.0
33.65,0,Road ID,N/A,-3424.9104,-16868.2345,29.9321,0,,Auto-driving,3,0,-1,0,red,N/A,N/A,N/A,N/A,0.3000021015326848,0.0,0.0
33.7,0,Road ID,N/A,-3425.3527,-16866.8047,29.9321,0,,Auto-driving,3,0,-1,0,red,N/A,N/A,N/A,N/A,0.3000021015326729,0.0,0.0
33.75,0,Road ID,N/A,-3425.795,-16865.375,29.9321,0,,Auto-driving,3,0,-1,0,red,N/A,N/A,N/A,N/A,0.30000210153266393,0.0,0.0
33.8,0,Road ID,N/A,-3426.2373,-16863.9452,29.9321,0,,Auto-driving,3,0,-1,0,red,N/A,N/A,N/A,N/A,0.30000210153262485,0.0,0.0
33.85,0,Road ID,N/A,-3426.6796,-16862.5155,29.9321,0,,Auto-driving,3,0,-1,0,red,N/A,N/A,N/A,N/A,0.30000210153268336,0.0,0.0
33.9,0,Road ID,N/A,-3427.1218,-16861.0857,29.9321,0,,Auto-driving,3,0,-1,0,red,N/A,N/A,N/A,N/A,0.30000210153317547,0.0,0.0
33.95,0,Road ID,N/A,-3427.5641,-16859.6559,29.9321,0,,Auto-driving,3,0,-1,0,red,N/A,N/A,N/A,N/A,0.300002101532767,0.0,0.0
34.0,0,Road ID,N/A,-3428.0064,-16858.2262,29.9321,0,,Auto-driving,3,0,-1,0,red,N/A,N/A,N/A,N/A,0.3000021015330958,0.0,0.0
34.05,0,Road ID,N/A,-3428.4487,-16856.7964,29.9321,0,,Auto-driving,3,0,-1,0,red,N/A,N/A,N/A,N/A,0.3000021015329006,0.0,0.0
34.1,0,Road ID,N/A,-3428.8909,-16855.3666,29.9321,0,,Auto-driving,3,0,-1,0,red,N/A,N/A,N/A,N/A,0.300002101533022,0.0,0.0
34.15,0,Road ID,N/A,-3429.3332,-16853.9369,29.9321,0,,Auto-driving,3,0,-1,0,red,N/A,N/A,N/A,N/A,0.3000021015328275,0.0,0.0
34.2,0,Road ID,N/A,-3429.7755,-16852.5071,29.9321,0,,Auto-driving,3,0,-1,0,red,N/A,N/A,N/A,N/A,0.3000021015327406,0.0,0.0
34.25,0,Road ID,N/A,-3430.2178,-16851.0773,29.9321,0,,Auto-driving,3,0,-1,0,red,N/A,N/A,N/A,N/A,0.300002101532472,0.0,0.0
34.3,0,Road ID,N/A,-3430.6601,-16849.6476,29.9321,0,,Auto-driving,3,0,-1,0,red,N/A,N/A,N/A,N/A,0.30000210153235096,0.0,0.0
34.35,0,Road ID,N/A,-3431.1023,-16848.2178,29.9321,0,,Auto-driving,3,0,-1,0,red,N/A,N/A,N/A,N/A,0.30000210153232215,0.0,0.0
34.4,0,Road ID,N/A,-3431.5446,-16846.7881,29.9321,0,,Auto-driving,3,0,-1,0,red,N/A,N/A,N/A,N/A,0.3000021015322625,0.0,0.0
34.45,0,Road ID,N/A,-3431.9869,-16845.3583,29.9321,0,,Auto-driving,3,0,-1,0,red,N/A,N/A,N/A,N/A,0.3000021015322811,0.0,0.0
34.5,0,Road ID,N/A,-3432.4292,-16843.9285,29.9321,0,,Auto-driving,3,0,-1,0,red,N/A,N/A,N/A,N/A,0.3000021015322913,0.0,0.0
34.55,0,Road ID,N/A,-3432.8714,-16842.4988,29.9321,0,,Auto-driving,3,0,-1,0,red,N/A,N/A,N/A,N/A,0.3000021015322182,0.0,0.0
34.6,0,Road ID,N/A,-3433.3137,-16841.069,29.9321,0,,Auto-driving,3,0,-1,0,red,N/A,N/A,N/A,N/A,0.3000021015323385,0.0,0.0
34.65,0,Road ID,N/A,-3433.756,-16839.6392,29.9321,0,,Auto-driving,3,0,-1,0,red,N/A,N/A,N/A,N/A,0.3000021015322915,0.0,0.0
34.7,0,Road ID,N/A,-3434.1983,-16838.2095,29.9321,0,,Auto-driving,3,0,-1,0,red,N/A,N/A,N/A,N/A,0.3000021015322139,0.0,0.0
34.75,0,Road ID,N/A,-3434.6406,-16836.7797,29.9321,0,,Auto-driving,3,0,-1,0,red,N/A,N/A,N/A,N/A,0.30000210153235235,0.0,0.0
34.8,0,Road ID,N/A,-3435.0828,-16835.35,29.9321,0,,Auto-driving,3,0,-1,0,red,N/A,N/A,N/A,N/A,0.3000021015323088,0.0,0.0
34.85,0,Road ID,N/A,-3435.5251,-16833.9202,29.9321,0,,Auto-driving,3,0,-1,0,red,N/A,N/A,N/A,N/A,0.30000210153226964,0.0,0.0
34.9,0,Road ID,N/A,-3435.9674,-16832.4904,29.9321,0,,Auto-driving,3,0,-1,0,red,N/A,N/A,N/A,N/A,0.3000021015323231,0.0,0.0
34.95,0,Road ID,N/A,-3436.4097,-16831.0607,29.9321,0,,Auto-driving,3,0,-1,0,red,N/A,N/A,N/A,N/A,0.30000210153227613,0.0,0.0
35.0,0,Road ID,N/A,-3436.8519,-16829.6309,29.9321,0,,Auto-driving,3,0,-1,0,red,N/A,N/A,N/A,N/A,0.3000021015322782,0.0047760009765625,0.49999237048905165
