Param_VarNames,Param_VarValues,Param_VarType
numRingRoad,2,Geometrical
numberOfLanes,5,Geometrical
vehLength,4.9
laneWidth,3.6,Geometrical
RR1_translation_x,-3500,Geometrical
RR1_translation_y,1,Geometrical
RR1_translation_z,-18000,Geometrical
RR2_translation_x,-3795.52020666134,Geometrical
RR2_translation_y,1,Geometrical
RR2_translation_z,-2353.62309755171,Geometrical
RR1_translation_end_x,-3500,Geometrical
RR1_translation_end_y,1,Geometrical
RR1_translation_end_z,-2504.45,Geometrical
RR2_translation_end_x,-3795.52020666134,Geometrical
RR2_translation_end_y,1,Geometrical
RR2_translation_end_z,13446.3769024483,Geometrical
xoffsetRoad_1,-3500,Geometrical
xoffsetRoad_2,-3795.52020666134,Geometrical
zoffsetRoad_1,-18000,Geometrical
zoffsetRoad_2,-2353.62309755171,Geometrical
HeadwayRR1_Lane_1,1.9,Geometrical
HeadwayRR1_Lane_2,1.6,Geometrical
HeadwayRR1_Lane_3,1.3,Geometrical
HeadwayRR1_Lane_4,1,Geometrical
DesiredSpeed_RR1,25,Geometrical
SpeedLimit_RR1,27.78,Geometrical
HeadwayRR2_Lane_1,1.9,Geometrical
HeadwayRR2_Lane_2,1.6,Geometrical
HeadwayRR2_Lane_3,1.3,Geometrical
HeadwayRR2_Lane_4,1,Geometrical
DesiredSpeed_RR2,19.4444444444444,Geometrical
SpeedLimit_RR2,27.78,Geometrical
HeadwayRR1_Lane_1,1.9,Traffic Condition
HeadwayRR1_Lane_2,1.6,Traffic Condition
HeadwayRR1_Lane_3,1.3,Traffic Condition
HeadwayRR1_Lane_4,1,Traffic Condition
DesiredSpeed_RR1,25,Traffic Condition
SpeedLimit_RR1,27.78,Traffic Condition
HeadwayRR2_Lane_1,1.9,Traffic Condition
HeadwayRR2_Lane_2,1.6,Traffic Condition
HeadwayRR2_Lane_3,1.3,Traffic Condition
HeadwayRR2_Lane_4,1,Traffic Condition
DesiredSpeed_RR2,19.4444444444444,Traffic Condition
SpeedLimit_RR2,27.78,Traffic Condition
RR1_SurrVeh_Lane1_trans_x,-3503.6,CAVs
RR1_SurrVeh_Lane1_trans_y,1.4,CAVs
RR1_SurrVeh_Lane1_trans_z,-16958.8,CAVs
RR1_SurrVeh_Lane2_trans_x,-3500,CAVs
RR1_SurrVeh_Lane2_trans_y,1.4,CAVs
RR1_SurrVeh_Lane2_trans_z,-17078.8,CAVs
RR1_SurrVeh_Lane3_trans_x,-3496.4,CAVs
RR1_SurrVeh_Lane3_trans_y,1.4,CAVs
RR1_SurrVeh_Lane3_trans_z,-17168.8,CAVs
RR1_SurrVeh_Lane4_trans_x,-3492.8,CAVs
RR1_SurrVeh_Lane4_trans_y,1.4,CAVs
RR1_SurrVeh_Lane4_trans_z,-17198.8,CAVs
RR2_SurrVeh_Lane1_trans_x,-3799.12020666134,CAVs
RR2_SurrVeh_Lane1_trans_y,1.4,CAVs
RR2_SurrVeh_Lane1_trans_z,-1552.42,CAVs
RR2_SurrVeh_Lane2_trans_x,-3795.52020666134,CAVs
RR2_SurrVeh_Lane2_trans_y,1.4,CAVs
RR2_SurrVeh_Lane2_trans_z,-1522.42,CAVs
RR2_SurrVeh_Lane3_trans_x,-3791.92020666134,CAVs
RR2_SurrVeh_Lane3_trans_y,1.4,CAVs
RR2_SurrVeh_Lane3_trans_z,-1432.42,CAVs
RR2_SurrVeh_Lane4_trans_x,-3788.32020666134,CAVs
RR2_SurrVeh_Lane4_trans_y,1.4,CAVs
RR2_SurrVeh_Lane4_trans_z,-1312.42,CAVs    
RR1_Stop_nGoVeh_Lane1_trans_x,-3503.6,CAVs
RR1_Stop_nGoVeh_Lane1_trans_y,1.4,CAVs
RR1_Stop_nGoVeh_Lane1_trans_z,-14800,CAVs
RR1_Stop_nGoVeh_Lane2_trans_x,-3500,CAVs
RR1_Stop_nGoVeh_Lane2_trans_y,1.4,CAVs
RR1_Stop_nGoVeh_Lane2_trans_z,-14800,CAVs
RR1_Stop_nGoVeh_Lane3_trans_x,-3496.4,CAVs
RR1_Stop_nGoVeh_Lane3_trans_y,1.4,CAVs
RR1_Stop_nGoVeh_Lane3_trans_z,-14800,CAVs
RR1_Stop_nGoVeh_Lane4_trans_x,-3492.8,CAVs
RR1_Stop_nGoVeh_Lane4_trans_y,1.4,CAVs
RR1_Stop_nGoVeh_Lane4_trans_z,-14800,CAVs
RR2_Stop_nGoVeh_Lane1_trans_x,-3799.12020666134,CAVs
RR2_Stop_nGoVeh_Lane1_trans_y,1.4,CAVs
RR2_Stop_nGoVeh_Lane1_trans_z,846.376902448285,CAVs
RR2_Stop_nGoVeh_Lane2_trans_x,-3795.52020666134,CAVs
RR2_Stop_nGoVeh_Lane2_trans_y,1.4,CAVs
RR2_Stop_nGoVeh_Lane2_trans_z,846.376902448285,CAVs
RR2_Stop_nGoVeh_Lane3_trans_x,-3791.92020666134,CAVs
RR2_Stop_nGoVeh_Lane3_trans_y,1.4,CAVs
RR2_Stop_nGoVeh_Lane3_trans_z,846.376902448285,CAVs
RR2_Stop_nGoVeh_Lane4_trans_x,-3788.32020666134,CAVs
RR2_Stop_nGoVeh_Lane4_trans_y,1.4,CAVs
RR2_Stop_nGoVeh_Lane4_trans_z,846.376902448285,CAVs
RR1_BrokenVeh_trans_x,-3503.6,CAVs
RR1_BrokenVeh_trans_y,1.4,CAVs
RR1_BrokenVeh_trans_z,-5270,CAVs
RR2_BrokenVeh_trans_x,-3799.12020666134,CAVs
RR2_BrokenVeh_trans_y,1.4,CAVs
RR2_BrokenVeh_trans_z,10376.3769024483,CAVs
RR1_TLonrmp_trans_x,-3467.26,TrafficLights
RR1_TLonrmp_trans_y,1,TrafficLights
RR1_TLonrmp_trans_z,-16710.5,TrafficLights
RR2_TLonrmp_trans_x,-3762.13,TrafficLights
RR2_TLonrmp_trans_y,1,TrafficLights
RR2_TLonrmp_trans_z,-1066.32,TrafficLights
RR1_TLImgnry_StnGo_trans_x,-3500,TrafficLights
RR1_TLImgnry_StnGo_trans_y,1,TrafficLights
RR1_TLImgnry_StnGo_trans_z,-14800,TrafficLights
RR1_PosTLImgnry_TurnRed,-14300,TrafficLights
RR2_TLImgnry_StnGo_trans_x,-3795.52020666134,TrafficLights
RR2_TLImgnry_StnGo_trans_y,1,TrafficLights
RR2_TLImgnry_StnGo_trans_z,846.376902448285,TrafficLights
RR2_PosTLImgnry_TurnRed,1346.37690244829,TrafficLights
RR1_TLImgnry_TakeOver_trans_x,-3500,TrafficLights
RR1_TLImgnry_TakeOver_trans_y,1,TrafficLights
RR1_TLImgnry_TakeOver_trans_z,-5300,TrafficLights
RR2_TLImgnry_TakeOver_trans_x,-3795.52020666134,TrafficLights
RR2_TLImgnry_TakeOver_trans_y,1,TrafficLights
RR2_TLImgnry_TakeOver_trans_z,10346.3769024483,TrafficLights
RR1_TLoffrmp_trans_x,-3510.77,TrafficLights
RR1_TLoffrmp_trans_y,0.5,TrafficLights
RR1_TLoffrmp_trans_z,-1885.2,TrafficLights
RR2_TLoffrmp_trans_x,-3933.08371753573,TrafficLights
RR2_TLoffrmp_trans_y,1,TrafficLights
RR2_TLoffrmp_trans_z,13589.6572124403,TrafficLights
RR_ExpStart_Z,-17669.4,CACC_Models_Param
switchWaitingTime,100000,CACC_Models_Param
infoDispTime,200,CACC_Models_Param
numVehicle_Lane,11,CACC_Models_Param
NumVehs_backup,0,CACC_Models_Param
NumVehs_surr,8,CACC_Models_Param
numVehicle_Stop_nGo,2,CACC_Models_Param
Num_row_vehs_stopngo,2,CACC_Models_Param
myDesSpeedGain,1.2,CACC_Models_Param
mySpeedControlGain,-0.4,CACC_Models_Param
myGapControlGainGap,0.45,CACC_Models_Param
myGapControlGainGapDot,0.0125,CACC_Models_Param
myCollisionAvoidanceGainGap,0.45,CACC_Models_Param
myCollisionAvoidanceGainGapDot,0.05,CACC_Models_Param
myGapClosingControlGainGap,0.005,CACC_Models_Param
myGapClosingControlGainGapDot,0.05,CACC_Models_Param
T_adpt,3,CACC_Models_Param
Lamda,1,CACC_Models_Param
maxDetectRange,300,CACC_Models_Param
OriginGap,30,CACC_Models_Param
minGap,2,CACC_Models_Param
myMaxGap,200,CACC_Models_Param
myMaxSpeed,30,CACC_Models_Param
maxAccel,4,CACC_Models_Param
minAccel,-8,CACC_Models_Param
Lambda1,0.6,CACC_Models_Param
Lambda2,0.4,CACC_Models_Param
DeltT_TL_backup,100,TrafficLight_Control
DeltaZ_TL_onramp,100,TrafficLight_Control
TLOnrampWait,8,TrafficLight_Control
DeltT_TL_surr,7.5,TrafficLight_Control
DeltaZ_TL_stopngo,100,TrafficLight_Control
DeltaZ_TL_StnGo_TurnRed,500,TrafficLight_Control
DeltT_TL_stopngo,5,TrafficLight_Control
DeltaZ_TL_takeover,200,TrafficLight_Control
DeltT_TL_broken,1,TrafficLight_Control
DeltaZ_TL_offramp,100,TrafficLight_Control
numTrafficLightRoad,4,TrafficLight_Control
RR1_PosTLonramp_WaitforGreen,15,TrafficLight_Control
RR2_PosTLonramp_WaitforGreen,15,TrafficLight_Control
RR1_PosTLofframp_WaitforGreen,15,TrafficLight_Control
RR2_PosTLofframp_WaitforGreen,15,TrafficLight_Control
RR1_Lane1_ID,2222,NGSIM_StopAndGo_Veh_ID
RR1_Lane2_ID,2222,NGSIM_StopAndGo_Veh_ID
RR1_Lane3_ID,2222,NGSIM_StopAndGo_Veh_ID
RR1_Lane4_ID,2222,NGSIM_StopAndGo_Veh_ID
RR2_Lane1_ID,3333,NGSIM_StopAndGo_Veh_ID
RR2_Lane2_ID,3333,NGSIM_StopAndGo_Veh_ID
RR2_Lane3_ID,3333,NGSIM_StopAndGo_Veh_ID
RR2_Lane4_ID,3333,NGSIM_StopAndGo_Veh_ID
RR1_pos_hdTocad,-12300,Participant_SwitchVariable
RR2_pos_hdTocad,3346.37690244829,Participant_SwitchVariable
RR1_pos_cadTohd,-5300,Participant_SwitchVariable
RR2_pos_cadTohd,10346.3769024483,Participant_SwitchVariable
RR1_PosMsg0,-17500,PlayMsg_coord
RR1_PosMsg1,-17250,PlayMsg_coord
RR1_PosMsg2,-16250,PlayMsg_coord
RR1_PosMsg2b,-15300,PlayMsg_coord
RR1_PosMsg3,-12800,PlayMsg_coord
RR1_PosMsg4,-12600,PlayMsg_coord
RR1_PosMsg5a,-12200,PlayMsg_coord
RR1_PosMsg5b,-12200,PlayMsg_coord
RR1_PosMsg6,-5600,PlayMsg_coord
RR1_PosMsg7,-5350,PlayMsg_coord
RR1_PosMsg8,-3700,PlayMsg_coord
RR2_PosMsg1,-1603.62309755171,PlayMsg_coord
RR2_PosMsg2,-603.623097551715,PlayMsg_coord
RR2_PosMsg2b,346.376902448285,PlayMsg_coord
RR2_PosMsg3,2846.37690244829,PlayMsg_coord
RR2_PosMsg4,3346.37690244829,PlayMsg_coord
RR2_PosMsg5a,2946.37690244829,PlayMsg_coord
RR2_PosMsg5b,2946.37690244829,PlayMsg_coord
RR2_PosMsg6,10046.3769024483,PlayMsg_coord
RR2_PosMsg7,10296.3769024483,PlayMsg_coord
RR2_PosMsg8,11850.3769024483,PlayMsg_coord
RR_Simulation_Ends,12245.9
RR1_AutoDrivingOccurs,0,Participant_SwitchVariable
RR2_AutoDrivingOccurs,0,Participant_SwitchVariable
RR1_NDRT,0,Participant_SwitchVariable
RR2_NDRT,0,Participant_SwitchVariable
RR1_PlaySlowTrafficAhead_Msg,1,Participant_SwitchVariable
RR2_PlaySlowTrafficAhead_Msg,0,Participant_SwitchVariable
RR1_PlayRedTrafflicLight_Msg,0,Participant_SwitchVariable
RR2_PlayRedTrafflicLight_Msg,1,Participant_SwitchVariable