VehID,TimeStep,SpeedProfile
925,0,12.9676
925,0.05,12.94949
925,0.1,12.93138
925,0.15,12.911785
925,0.2,12.89219
925,0.25,12.86292
925,0.3,12.83365
925,0.35,12.788015
925,0.4,12.74238
925,0.45,12.67281
925,0.5,12.60324
925,0.55,12.50437
925,0.6,12.4055
925,0.65,12.28536
925,0.7,12.16522
925,0.75,12.04017
925,0.8,11.91512
925,0.85,11.788885
925,0.9,11.66265
925,0.95,11.531455
925,1,11.40026
925,1.05,11.26405
925,1.1,11.12784
925,1.15,10.98849
925,1.2,10.84914
925,1.25,10.7095
925,1.3,10.56986
925,1.35,10.43319
925,1.4,10.29652
925,1.45,10.166225
925,1.5,10.03593
925,1.55,9.915365
925,1.6,9.7948
925,1.65,9.68714
925,1.7,9.57948
925,1.75,9.48763
925,1.8,9.39578
925,1.85,9.3223
925,1.9,9.24882
925,1.95,9.19583
925,2,9.14284
925,2.05,9.111975
925,2.1,9.08111
925,2.15,9.07342
925,2.2,9.06573
925,2.25,9.08161
925,2.3,9.09749
925,2.35,9.13657
925,2.4,9.17565
925,2.45,9.23665
925,2.5,9.29765
925,2.55,9.37817
925,2.6,9.45869
925,2.65,9.554825
925,2.7,9.65096
925,2.75,9.756655
925,2.8,9.86235
925,2.85,9.968145
925,2.9,10.07394
925,2.95,10.1646
925,3,10.25526
925,3.05,10.305185
925,3.1,10.35511
925,3.15,10.349595
925,3.2,10.34408
925,3.25,10.299485
925,3.3,10.25489
925,3.35,10.188485
925,3.4,10.12208
925,3.45,10.034465
925,3.5,9.94685
925,3.55,9.836735
925,3.6,9.72662
925,3.65,9.59885
925,3.7,9.47108
925,3.75,9.336715
925,3.8,9.20235
925,3.85,9.074655
925,3.9,8.94696
925,3.95,8.836955
925,4,8.72695
925,4.05,8.639675
925,4.1,8.5524
925,4.15,8.48561
925,4.2,8.41882
925,4.25,8.36458
925,4.3,8.31034
925,4.35,8.257445
925,4.4,8.20455
925,4.45,8.14134
925,4.5,8.07813
925,4.55,7.99711
925,4.6,7.91609
925,4.65,7.81847
925,4.7,7.72085
925,4.75,7.61654
925,4.8,7.51223
925,4.85,7.41503
925,4.9,7.31783
925,4.95,7.23939
925,5,7.16095
925,5.05,7.10662
925,5.1,7.05229
925,5.15,7.021125
925,5.2,6.98996
925,5.25,6.978645
925,5.3,6.96733
925,5.35,6.97426
925,5.4,6.98119
925,5.45,7.00707
925,5.5,7.03295
925,5.55,7.07783
925,5.6,7.12271
925,5.65,7.182405
925,5.7,7.2421
925,5.75,7.30739
925,5.8,7.37268
925,5.85,7.43235
925,5.9,7.49202
925,5.95,7.537405
925,6,7.58279
925,6.05,7.610125
925,6.1,7.63746
925,6.15,7.646625
925,6.2,7.65579
925,6.25,7.647
925,6.3,7.63821
925,6.35,7.609565
925,6.4,7.58092
925,6.45,7.52913
925,6.5,7.47734
925,6.55,7.40164
925,6.6,7.32594
925,6.65,7.231885
925,6.7,7.13783
925,6.75,7.03646
925,6.8,6.93509
925,6.85,6.83701
925,6.9,6.73893
925,6.95,6.648155
925,7,6.55738
925,7.05,6.4709
925,7.1,6.38442
925,7.15,6.29875
925,7.2,6.21308
925,7.25,6.131595
925,7.3,6.05011
925,7.35,5.983155
925,7.4,5.9162
925,7.45,5.87413
925,7.5,5.83206
925,7.55,5.81804
925,7.6,5.80402
925,7.65,5.81241
925,7.7,5.8208
925,7.75,5.8421
925,7.8,5.8634
925,7.85,5.892555
925,7.9,5.92171
925,7.95,5.9628
925,8,6.00389
925,8.05,6.065835
925,8.1,6.12778
925,8.15,6.21371
925,8.2,6.29964
925,8.25,6.402
925,8.3,6.50436
925,8.35,6.61068
925,8.4,6.717
925,8.45,6.816085
925,8.5,6.91517
925,8.55,6.997945
925,8.6,7.08072
925,8.65,7.139775
925,8.7,7.19883
925,8.75,7.22898
925,8.8,7.25913
925,8.85,7.25922
925,8.9,7.25931
925,8.95,7.23617
925,9,7.21303
925,9.05,7.18935
925,9.1,7.16567
925,9.15,7.16782
925,9.2,7.16997
925,9.25,7.201925
925,9.3,7.23388
925,9.35,7.282755
925,9.4,7.33163
925,9.45,7.38555
925,9.5,7.43947
925,9.55,7.491155
925,9.6,7.54284
925,9.65,7.587705
925,9.7,7.63257
925,9.75,7.66691
925,9.8,7.70125
925,9.85,7.724595
925,9.9,7.74794
925,9.95,7.764555
925,10,7.78117
925,10.05,7.796465
925,10.1,7.81176
925,10.15,7.82752
925,10.2,7.84328
925,10.25,7.85756
925,10.3,7.87184
925,10.35,7.882525
925,10.4,7.89321
925,10.45,7.90007
925,10.5,7.90693
925,10.55,7.910935
925,10.6,7.91494
925,10.65,7.91711
925,10.7,7.91928
925,10.75,7.92027
925,10.8,7.92126
925,10.85,7.921385
925,10.9,7.92151
925,10.95,7.920905
925,11,7.9203
925,11.05,7.91905
925,11.1,7.9178
925,11.15,7.916135
925,11.2,7.91447
925,11.25,7.91294
925,11.3,7.91141
925,11.35,7.91075
925,11.4,7.91009
925,11.45,7.9107
925,11.5,7.91131
925,11.55,7.912885
925,11.6,7.91446
925,11.65,7.916275
925,11.7,7.91809
925,11.75,7.919575
925,11.8,7.92106
925,11.85,7.922045
925,11.9,7.92303
925,11.95,7.92361
925,12,7.92419
925,12.05,7.924535
925,12.1,7.92488
925,12.15,7.925165
925,12.2,7.92545
925,12.25,7.925805
925,12.3,7.92616
925,12.35,7.926705
925,12.4,7.92725
925,12.45,7.928115
925,12.5,7.92898
925,12.55,7.93041
925,12.6,7.93184
925,12.65,7.934235
925,12.7,7.93663
925,12.75,7.940435
925,12.8,7.94424
925,12.85,7.949675
925,12.9,7.95511
925,12.95,7.961695
925,13,7.96828
925,13.05,7.974695
925,13.1,7.98111
925,13.15,7.985485
925,13.2,7.98986
925,13.25,7.99029
925,13.3,7.99072
925,13.35,7.98547
925,13.4,7.98022
925,13.45,7.967575
925,13.5,7.95493
925,13.55,7.93252
925,13.6,7.91011
925,13.65,7.873655
925,13.7,7.8372
925,13.75,7.779845
925,13.8,7.72249
925,13.85,7.63726
925,13.9,7.55203
925,13.95,7.43724
925,14,7.32245
925,14.05,7.184935
925,14.1,7.04742
925,14.15,6.900405
925,14.2,6.75339
925,14.25,6.61197
925,14.3,6.47055
925,14.35,6.34747
925,14.4,6.22439
925,14.45,6.12555
925,14.5,6.02671
925,14.55,5.94821
925,14.6,5.86971
925,14.65,5.799585
925,14.7,5.72946
925,14.75,5.6528
925,14.8,5.57614
925,14.85,5.4807
925,14.9,5.38526
925,14.95,5.26649
925,15,5.14772
925,15.05,5.01064
925,15.1,4.87356
925,15.15,4.73013
925,15.2,4.5867
925,15.25,4.451285
925,15.3,4.31587
925,15.35,4.20095
925,15.4,4.08603
925,15.45,3.99781
925,15.5,3.90959
925,15.55,3.845535
925,15.6,3.78148
925,15.65,3.732425
925,15.7,3.68337
925,15.75,3.637915
925,15.8,3.59246
925,15.85,3.540545
925,15.9,3.48863
925,15.95,3.42427
925,16,3.35991
925,16.05,3.283595
925,16.1,3.20728
925,16.15,3.126185
925,16.2,3.04509
925,16.25,2.96933
925,16.3,2.89357
925,16.35,2.83047
925,16.4,2.76737
925,16.45,2.71777
925,16.5,2.66817
925,16.55,2.626645
925,16.6,2.58512
925,16.65,2.54246
925,16.7,2.4998
925,16.75,2.44545
925,16.8,2.3911
925,16.85,2.3161
925,16.9,2.2411
925,16.95,2.142115
925,17,2.04313
925,17.05,1.925125
925,17.1,1.80712
925,17.15,1.68182
925,17.2,1.55652
925,17.25,1.438155
925,17.3,1.31979
925,17.35,1.220385
925,17.4,1.12098
925,17.45,1.046065
925,17.5,0.97115
925,17.55,0.918165
925,17.6,0.86518
925,17.65,0.82599
925,17.7,0.7868
925,17.75,0.751795
925,17.8,0.71679
925,17.85,0.677855
925,17.9,0.63892
925,17.95,0.59148
925,18,0.54404
925,18.05,0.488535
925,18.1,0.43303
925,18.15,0.37443
925,18.2,0.31583
925,18.25,0.260165
925,18.3,0.2045
925,18.35,0.159475
925,18.4,0.11445
925,18.45,0.057225
925,18.5,0
925,18.55,0
925,18.6,0
925,18.65,0
925,18.7,0
925,18.75,0
925,18.8,0
925,18.85,0
925,18.9,0
925,18.95,0
925,19,0
925,19.05,0
925,19.1,0
925,19.15,0
925,19.2,0
925,19.25,0
925,19.3,0
925,19.35,0
925,19.4,0
925,19.45,0
925,19.5,0
925,19.55,0
925,19.6,0
925,19.65,0
925,19.7,0
925,19.75,0
925,19.8,0
925,19.85,0
925,19.9,0
925,19.95,0.0735
925,20,0.147
925,20.05,0.206305
925,20.1,0.26561
925,20.15,0.343185
925,20.2,0.42076
925,20.25,0.507575
925,20.3,0.59439
925,20.35,0.679575
925,20.4,0.76476
925,20.45,0.837505
925,20.5,0.91025
925,20.55,0.966905
925,20.6,1.02356
925,20.65,1.068405
925,20.7,1.11325
925,20.75,1.155
925,20.8,1.19675
925,20.85,1.24567
925,20.9,1.29459
925,20.95,1.360635
925,21,1.42668
925,21.05,1.515635
925,21.1,1.60459
925,21.15,1.712725
925,21.2,1.82086
925,21.25,1.938595
925,21.3,2.05633
925,21.35,2.175795
925,21.4,2.29526
925,21.45,2.40735
925,21.5,2.51944
925,21.55,2.61172
925,21.6,2.704
925,21.65,2.764925
925,21.7,2.82585
925,21.75,2.84986
925,21.8,2.87387
925,21.85,2.869405
925,21.9,2.86494
925,21.95,2.847395
925,22,2.82985
925,22.05,2.80346
925,22.1,2.77707
925,22.15,2.73992
925,22.2,2.70277
925,22.25,2.659675
925,22.3,2.61658
925,22.35,2.58093
925,22.4,2.54528
925,22.45,2.534715
925,22.5,2.52415
925,22.55,2.55043
925,22.6,2.57671
925,22.65,2.63683
925,22.7,2.69695
925,22.75,2.773085
925,22.8,2.84922
925,22.85,2.917585
925,22.9,2.98595
925,22.95,3.028155
925,23,3.07036
925,23.05,3.08176
925,23.1,3.09316
925,23.15,3.083815
925,23.2,3.07447
925,23.25,3.06069
925,23.3,3.04691
925,23.35,3.040025
925,23.4,3.03314
925,23.45,3.0351
925,23.5,3.03706
925,23.55,3.044265
925,23.6,3.05147
925,23.65,3.060765
925,23.7,3.07006
925,23.75,3.081575
925,23.8,3.09309
925,23.85,3.10994
925,23.9,3.12679
925,23.95,3.154105
925,24,3.18142
925,24.05,3.225655
925,24.1,3.26989
925,24.15,3.337125
925,24.2,3.40436
925,24.25,3.496625
925,24.3,3.58889
925,24.35,3.702265
925,24.4,3.81564
925,24.45,3.943015
925,24.5,4.07039
925,24.55,4.20456
925,24.6,4.33873
925,24.65,4.4731
925,24.7,4.60747
925,24.75,4.73589
925,24.8,4.86431
925,24.85,4.98097
925,24.9,5.09763
925,24.95,5.19709
925,25,5.29655
925,25.05,5.374045
925,25.1,5.45154
925,25.15,5.50367
925,25.2,5.5558
925,25.25,5.581945
925,25.3,5.60809
925,25.35,5.61317
925,25.4,5.61825
925,25.45,5.61263
925,25.5,5.60701
925,25.55,5.601905
925,25.6,5.5968
925,25.65,5.59831
925,25.7,5.59982
925,25.75,5.60652
925,25.8,5.61322
925,25.85,5.62178
925,25.9,5.63034
925,25.95,5.640045
925,26,5.64975
925,26.05,5.662035
925,26.1,5.67432
925,26.15,5.69245
925,26.2,5.71058
925,26.25,5.739415
925,26.3,5.76825
925,26.35,5.813225
925,26.4,5.8582
925,26.45,5.922535
925,26.5,5.98687
925,26.55,6.06802
925,26.6,6.14917
925,26.65,6.23784
925,26.7,6.32651
925,26.75,6.4101
925,26.8,6.49369
925,26.85,6.56221
925,26.9,6.63073
925,26.95,6.68102
925,27,6.73131
925,27.05,6.76682
925,27.1,6.80233
925,27.15,6.82992
925,27.2,6.85751
925,27.25,6.88445
925,27.3,6.91139
925,27.35,6.94378
925,27.4,6.97617
925,27.45,7.01747
925,27.5,7.05877
925,27.55,7.108155
925,27.6,7.15754
925,27.65,7.209675
925,27.7,7.26181
925,27.75,7.30923
925,27.8,7.35665
925,27.85,7.393475
925,27.9,7.4303
925,27.95,7.4547
925,28,7.4791
925,28.05,7.49311
925,28.1,7.50712
925,28.15,7.51466
925,28.2,7.5222
925,28.25,7.526915
925,28.3,7.53163
925,28.35,7.535705
925,28.4,7.53978
925,28.45,7.54374
925,28.5,7.5477
925,28.55,7.55103
925,28.6,7.55436
925,28.65,7.556355
925,28.7,7.55835
925,28.75,7.55854
925,28.8,7.55873
925,28.85,7.55681
925,28.9,7.55489
925,28.95,7.550215
925,29,7.54554
925,29.05,7.536745
925,29.1,7.52795
925,29.15,7.51274
925,29.2,7.49753
925,29.25,7.473095
925,29.3,7.44866
925,29.35,7.412715
925,29.4,7.37677
925,29.45,7.32912
925,29.5,7.28147
925,29.55,7.22525
925,29.6,7.16903
925,29.65,7.11066
925,29.7,7.05229
925,29.75,6.999565
925,29.8,6.94684
925,29.85,6.90597
925,29.9,6.8651
925,29.95,6.83868
925,30,6.81226
925,30.05,6.79973
925,30.1,6.7872
925,30.15,6.7872
925,30.2,6.7872
925,30.25,6.799795
925,30.3,6.81239
925,30.35,6.83933
925,30.4,6.86627
925,30.45,6.908995
925,30.5,6.95172
925,30.55,7.008465
925,30.6,7.06521
925,30.65,7.12958
925,30.7,7.19395
925,30.75,7.25652
925,30.8,7.31909
925,30.85,7.37146
925,30.9,7.42383
925,30.95,7.462015
925,31,7.5002
925,31.05,7.52501
925,31.1,7.54982
925,31.15,7.564645
925,31.2,7.57947
925,31.25,7.58776
925,31.3,7.59605
925,31.35,7.60015
925,31.4,7.60425
925,31.45,7.605465
925,31.5,7.60668
925,31.55,7.60582
925,31.6,7.60496
925,31.65,7.602905
925,31.7,7.60085
925,31.75,7.59885
925,31.8,7.59685
925,31.85,7.596175
925,31.9,7.5955
925,31.95,7.596685
925,32,7.59787
925,32.05,7.600385
925,32.1,7.6029
925,32.15,7.60566
925,32.2,7.60842
925,32.25,7.61064
925,32.3,7.61286
925,32.35,7.614395
925,32.4,7.61593
925,32.45,7.61696
925,32.5,7.61799
925,32.55,7.61873
925,32.6,7.61947
925,32.65,7.620075
925,32.7,7.62068
925,32.75,7.621305
925,32.8,7.62193
925,32.85,7.622785
925,32.9,7.62364
925,32.95,7.625
925,33,7.62636
925,33.05,7.628685
925,33.1,7.63101
925,33.15,7.63504
925,33.2,7.63907
925,33.25,7.646085
925,33.3,7.6531
925,33.35,7.66524
925,33.4,7.67738
925,33.45,7.69773
925,33.5,7.71808
925,33.55,7.74941
925,33.6,7.78074
925,33.65,7.822965
925,33.7,7.86519
925,33.75,7.913715
925,33.8,7.96224
925,33.85,8.00942
925,33.9,8.0566
925,33.95,8.09564
925,34,8.13468
925,34.05,8.16259
925,34.1,8.1905
925,34.15,8.207965
925,34.2,8.22543
925,34.25,8.234665
925,34.3,8.2439
925,34.35,8.246695
925,34.4,8.24949
925,34.45,8.24635
925,34.5,8.24321
925,34.55,8.233175
925,34.6,8.22314
925,34.65,8.204185
925,34.7,8.18523
925,34.75,8.15554
925,34.8,8.12585
925,34.85,8.08569
925,34.9,8.04553
925,34.95,7.998475
925,35,7.95142
925,35.05,7.90362
925,35.1,7.85582
925,35.15,7.813325
925,35.2,7.77083
925,35.25,7.73688
925,35.3,7.70293
925,35.35,7.677475
925,35.4,7.65202
925,35.45,7.633875
925,35.5,7.61573
925,35.55,7.605255
925,35.6,7.59478
925,35.65,7.59414
925,35.7,7.5935
925,35.75,7.60473
925,35.8,7.61596
925,35.85,7.63934
925,35.9,7.66272
925,35.95,7.696485
925,36,7.73025
925,36.05,7.77072
925,36.1,7.81119
925,36.15,7.85336
925,36.2,7.89553
925,36.25,7.935795
925,36.3,7.97606
925,36.35,8.015585
925,36.4,8.05511
925,36.45,8.09896
925,36.5,8.14281
925,36.55,8.19403
925,36.6,8.24525
925,36.65,8.300265
925,36.7,8.35528
925,36.75,8.406215
925,36.8,8.45715
925,36.85,8.498285
925,36.9,8.53942
925,36.95,8.57105
925,37,8.60268
925,37.05,8.62975
925,37.1,8.65682
925,37.15,8.684985
925,37.2,8.71315
925,37.25,8.74525
925,37.3,8.77735
925,37.35,8.81162
925,37.4,8.84589
925,37.45,8.87651
925,37.5,8.90713
925,37.55,8.92654
925,37.6,8.94595
925,37.65,8.94765
925,37.7,8.94935
925,37.75,8.9307
925,37.8,8.91205
925,37.85,8.877235
925,37.9,8.84242
925,37.95,8.803945
925,38,8.76547
925,38.05,8.740595
925,38.1,8.71572
925,38.15,8.71747
925,38.2,8.71922
925,38.25,8.748245
925,38.3,8.77727
925,38.35,8.82207
925,38.4,8.86687
925,38.45,8.91221
925,38.5,8.95755
925,38.55,8.99332
925,38.6,9.02909
925,38.65,9.052985
925,38.7,9.07688
925,38.75,9.091375
925,38.8,9.10587
925,38.85,9.114315
925,38.9,9.12276
925,38.95,9.127615
925,39,9.13247
925,39.05,9.13522
925,39.1,9.13797
925,39.15,9.1395
925,39.2,9.14103
925,39.25,9.141855
925,39.3,9.14268
925,39.35,9.143085
925,39.4,9.14349
925,39.45,9.14362
925,39.5,9.14375
925,39.55,9.14366
925,39.6,9.14357
925,39.65,9.14325
925,39.7,9.14293
925,39.75,9.142295
925,39.8,9.14166
925,39.85,9.14058
925,39.9,9.1395
925,39.95,9.137775
925,40,9.13605
925,40.05,9.1336
925,40.1,9.13115
925,40.15,9.12855
925,40.2,9.12595
925,40.25,9.12492
925,40.3,9.12389
925,40.35,9.12693
925,40.4,9.12997
925,40.45,9.139215
925,40.5,9.14846
925,40.55,9.16471
925,40.6,9.18096
925,40.65,9.202765
925,40.7,9.22457
925,40.75,9.24698
925,40.8,9.26939
925,40.85,9.284405
925,40.9,9.29942
925,40.95,9.3007
925,41,9.30198
925,41.05,9.292345
925,41.1,9.28271
925,41.15,9.2772
925,41.2,9.27169
925,41.25,9.29039
925,41.3,9.30909
925,41.35,9.362925
925,41.4,9.41676
925,41.45,9.500305
925,41.5,9.58385
925,41.55,9.683685
925,41.6,9.78352
925,41.65,9.889225
925,41.7,9.99493
925,41.75,10.10064
925,41.8,10.20635
925,41.85,10.308545
925,41.9,10.41074
925,41.95,10.50706
925,42,10.60338
925,42.05,10.692075
925,42.1,10.78077
925,42.15,10.86038
925,42.2,10.93999
925,42.25,11.0092
925,42.3,11.07841
925,42.35,11.135985
925,42.4,11.19356
925,42.45,11.23831
925,42.5,11.28306
925,42.55,11.31384
925,42.6,11.34462
925,42.65,11.360355
925,42.7,11.37609
925,42.75,11.37585
925,42.8,11.37561
925,42.85,11.358765
925,42.9,11.34192
925,42.95,11.30841
925,43,11.2749
925,43.05,11.225835
925,43.1,11.17677
925,43.15,11.115525
925,43.2,11.05428
925,43.25,10.98875
925,43.3,10.92322
925,43.35,10.87007
925,43.4,10.81692
925,43.45,10.79164
925,43.5,10.76636
925,43.55,10.76837
925,43.6,10.77038
925,43.65,10.79258
925,43.7,10.81478
925,43.75,10.853095
925,43.8,10.89141
925,43.85,10.941045
925,43.9,10.99068
925,43.95,11.044055
925,44,11.09743
925,44.05,11.14549
925,44.1,11.19355
925,44.15,11.229
925,44.2,11.26445
925,44.25,11.283665
925,44.3,11.30288
925,44.35,11.30518
925,44.4,11.30748
925,44.45,11.293555
925,44.5,11.27963
925,44.55,11.25178
925,44.6,11.22393
925,44.65,11.187485
925,44.7,11.15104
925,44.75,11.113785
925,44.8,11.07653
925,44.85,11.04481
925,44.9,11.01309
925,44.95,10.988015
925,45,10.96294
925,45.05,10.94071
925,45.1,10.91848
925,45.15,10.89486
925,45.2,10.87124
925,45.25,10.84571
925,45.3,10.82018
925,45.35,10.795895
925,45.4,10.77161
925,45.45,10.752205
925,45.5,10.7328
925,45.55,10.719675
925,45.6,10.70655
925,45.65,10.69873
925,45.7,10.69091
925,45.75,10.6866
925,45.8,10.68229
925,45.85,10.680145
925,45.9,10.678
925,45.95,10.677355
925,46,10.67671
925,46.05,10.67738
925,46.1,10.67805
925,46.15,10.68025
925,46.2,10.68245
925,46.25,10.68693
925,46.3,10.69141
925,46.35,10.69962
925,46.4,10.70783
925,46.45,10.722275
925,46.5,10.73672
925,46.55,10.76151
925,46.6,10.7863
925,46.65,10.82733
925,46.7,10.86836
925,46.75,10.9315
925,46.8,10.99464
925,46.85,11.081645
925,46.9,11.16865
925,46.95,11.27365
925,47,11.37865
925,47.05,11.489425
925,47.1,11.6002
925,47.15,11.70431
925,47.2,11.80842
925,47.25,11.897735
925,47.3,11.98705
925,47.35,12.057265
925,47.4,12.12748
925,47.45,12.176205
925,47.5,12.22493
925,47.55,12.25079
925,47.6,12.27665
925,47.65,12.27885
925,47.7,12.28105
925,47.75,12.25921
925,47.8,12.23737
925,47.85,12.19156
925,47.9,12.14575
925,47.95,12.07675
925,48,12.00775
925,48.05,11.91765
925,48.1,11.82755
925,48.15,11.72093
925,48.2,11.61431
925,48.25,11.50055
925,48.3,11.38679
925,48.35,11.27972
925,48.4,11.17265
925,48.45,11.08463
925,48.5,10.99661
925,48.55,10.933005
925,48.6,10.8694
925,48.65,10.82813
925,48.7,10.78686
925,48.75,10.7619
925,48.8,10.73694
925,48.85,10.72235
925,48.9,10.70776
925,48.95,10.6994
925,49,10.69104
925,49.05,10.686345
925,49.1,10.68165
925,49.15,10.67906
925,49.2,10.67647
925,49.25,10.675095
925,49.3,10.67372
925,49.35,10.6731
925,49.4,10.67248
925,49.45,10.672455
925,49.5,10.67243
925,49.55,10.67294
925,49.6,10.67345
925,49.65,10.674445
925,49.7,10.67544
925,49.75,10.676715
925,49.8,10.67799
925,49.85,10.6791
925,49.9,10.68021
925,49.95,10.68062
925,50,10.68103
925,50.05,10.680515
925,50.1,10.68
925,50.15,10.67881
925,50.2,10.67762
925,50.25,10.67629
925,50.3,10.67496
925,50.35,10.67386
925,50.4,10.67276
925,50.45,10.671975
925,50.5,10.67119
925,50.55,10.670635
925,50.6,10.67008
925,50.65,10.669625
925,50.7,10.66917
925,50.75,10.66869
925,50.8,10.66821
925,50.85,10.667555
925,50.9,10.6669
925,50.95,10.66584
925,51,10.66478
925,51.05,10.66297
925,51.1,10.66116
925,51.15,10.658045
925,51.2,10.65493
925,51.25,10.64955
925,51.3,10.64417
925,51.35,10.63493
925,51.4,10.62569
925,51.45,10.610585
925,51.5,10.59548
925,51.55,10.5736
925,51.6,10.55172
925,51.65,10.525755
925,51.7,10.49979
925,51.75,10.476695
925,51.8,10.4536
925,51.85,10.44111
925,51.9,10.42862
925,51.95,10.42935
925,52,10.43008
925,52.05,10.4384
925,52.1,10.44672
925,52.15,10.451895
925,52.2,10.45707
925,52.25,10.45025
925,52.3,10.44343
925,52.35,10.422895
925,52.4,10.40236
925,52.45,10.37346
925,52.5,10.34456
925,52.55,10.315395
925,52.6,10.28623
925,52.65,10.262855
925,52.7,10.23948
925,52.75,10.223775
925,52.8,10.20807
925,52.85,10.19878
925,52.9,10.18949
925,52.95,10.18448
925,53,10.17947
925,53.05,10.17705
925,53.1,10.17463
925,53.15,10.173665
925,53.2,10.1727
1780,0,8.96209
1780,0.05,8.764
1780,0.1,8.56591
1780,0.15,8.542935
1780,0.2,8.51996
1780,0.25,8.52808
1780,0.3,8.5362
1780,0.35,8.584115
1780,0.4,8.63203
1780,0.45,8.712025
1780,0.5,8.79202
1780,0.55,8.886945
1780,0.6,8.98187
1780,0.65,9.06902
1780,0.7,9.15617
1780,0.75,9.21907
1780,0.8,9.28197
1780,0.85,9.32109
1780,0.9,9.36021
1780,0.95,9.38354
1780,1,9.40687
1780,1.05,9.42017
1780,1.1,9.43347
1780,1.15,9.440445
1780,1.2,9.44742
1780,1.25,9.45009
1780,1.3,9.45276
1780,1.35,9.45182
1780,1.4,9.45088
1780,1.45,9.445975
1780,1.5,9.44107
1780,1.55,9.431005
1780,1.6,9.42094
1780,1.65,9.40399
1780,1.7,9.38704
1780,1.75,9.3614
1780,1.8,9.33576
1780,1.85,9.2995
1780,1.9,9.26324
1780,1.95,9.214495
1780,2,9.16575
1780,2.05,9.10438
1780,2.1,9.04301
1780,2.15,8.971275
1780,2.2,8.89954
1780,2.25,8.820755
1780,2.3,8.74197
1780,2.35,8.659045
1780,2.4,8.57612
1780,2.45,8.491165
1780,2.5,8.40621
1780,2.55,8.320625
1780,2.6,8.23504
1780,2.65,8.14969
1780,2.7,8.06434
1780,2.75,7.979755
1780,2.8,7.89517
1780,2.85,7.811665
1780,2.9,7.72816
1780,2.95,7.64591
1780,3,7.56366
1780,3.05,7.48277
1780,3.1,7.40188
1780,3.15,7.322405
1780,3.2,7.24293
1780,3.25,7.164905
1780,3.3,7.08688
1780,3.35,7.01032
1780,3.4,6.93376
1780,3.45,6.85868
1780,3.5,6.7836
1780,3.55,6.710005
1780,3.6,6.63641
1780,3.65,6.564295
1780,3.7,6.49218
1780,3.75,6.421555
1780,3.8,6.35093
1780,3.85,6.281795
1780,3.9,6.21266
1780,3.95,6.14501
1780,4,6.07736
1780,4.05,6.0112
1780,4.1,5.94504
1780,4.15,5.88037
1780,4.2,5.8157
1780,4.25,5.752515
1780,4.3,5.68933
1780,4.35,5.62764
1780,4.4,5.56595
1780,4.45,5.505745
1780,4.5,5.44554
1780,4.55,5.386825
1780,4.6,5.32811
1780,4.65,5.27088
1780,4.7,5.21365
1780,4.75,5.157915
1780,4.8,5.10218
1780,4.85,5.04793
1780,4.9,4.99368
1780,4.95,4.940925
1780,5,4.88817
1780,5.05,4.8369
1780,5.1,4.78563
1780,5.15,4.735845
1780,5.2,4.68606
1780,5.25,4.63777
1780,5.3,4.58948
1780,5.35,4.542675
1780,5.4,4.49587
1780,5.45,4.450555
1780,5.5,4.40524
1780,5.55,4.361415
1780,5.6,4.31759
1780,5.65,4.275255
1780,5.7,4.23292
1780,5.75,4.192075
1780,5.8,4.15123
1780,5.85,4.11187
1780,5.9,4.07251
1780,5.95,4.03464
1780,6,3.99677
1780,6.05,3.96039
1780,6.1,3.92401
1780,6.15,3.88912
1780,6.2,3.85423
1780,6.25,3.82083
1780,6.3,3.78743
1780,6.35,3.755515
1780,6.4,3.7236
1780,6.45,3.693175
1780,6.5,3.66275
1780,6.55,3.63382
1780,6.6,3.60489
1780,6.65,3.577445
1780,6.7,3.55
1780,6.75,3.524045
1780,6.8,3.49809
1780,6.85,3.47363
1780,6.9,3.44917
1780,6.95,3.4262
1780,7,3.40323
1780,7.05,3.38176
1780,7.1,3.36029
1780,7.15,3.34033
1780,7.2,3.32037
1780,7.25,3.30193
1780,7.3,3.28349
1780,7.35,3.26659
1780,7.4,3.24969
1780,7.45,3.234385
1780,7.5,3.21908
1780,7.55,3.205445
1780,7.6,3.19181
1780,7.65,3.17998
1780,7.7,3.16815
1780,7.75,3.15834
1780,7.8,3.14853
1780,7.85,3.141115
1780,7.9,3.1337
1780,7.95,3.12925
1780,8,3.1248
1780,8.05,3.124145
1780,8.1,3.12349
1780,8.15,3.1277
1780,8.2,3.13191
1780,8.25,3.14199
1780,8.3,3.15207
1780,8.35,3.167805
1780,8.4,3.18354
1780,8.45,3.201125
1780,8.5,3.21871
1780,8.55,3.22995
1780,8.6,3.24119
1780,8.65,3.23876
1780,8.7,3.23633
1780,8.75,3.220575
1780,8.8,3.20482
1780,8.85,3.18275
1780,8.9,3.16068
1780,8.95,3.13977
1780,9,3.11886
1780,9.05,3.103325
1780,9.1,3.08779
1780,9.15,3.07825
1780,9.2,3.06871
1780,9.25,3.06357
1780,9.3,3.05843
1780,9.35,3.05583
1780,9.4,3.05323
1780,9.45,3.05194
1780,9.5,3.05065
1780,9.55,3.050035
1780,9.6,3.04942
1780,9.65,3.049125
1780,9.7,3.04883
1780,9.75,3.048695
1780,9.8,3.04856
1780,9.85,3.048495
1780,9.9,3.04843
1780,9.95,3.0484
1780,10,3.04837
1780,10.05,3.04836
1780,10.1,3.04835
1780,10.15,3.04834
1780,10.2,3.04833
1780,10.25,3.048325
1780,10.3,3.04832
1780,10.35,3.048315
1780,10.4,3.04831
1780,10.45,3.0483
1780,10.5,3.04829
1780,10.55,3.04827
1780,10.6,3.04825
1780,10.65,3.048215
1780,10.7,3.04818
1780,10.75,3.048115
1780,10.8,3.04805
1780,10.85,3.04793
1780,10.9,3.04781
1780,10.95,3.0476
1780,11,3.04739
1780,11.05,3.047005
1780,11.1,3.04662
1780,11.15,3.045945
1780,11.2,3.04527
1780,11.25,3.044085
1780,11.3,3.0429
1780,11.35,3.04084
1780,11.4,3.03878
1780,11.45,3.035285
1780,11.5,3.03179
1780,11.55,3.026065
1780,11.6,3.02034
1780,11.65,3.0116
1780,11.7,3.00286
1780,11.75,2.99066
1780,11.8,2.97846
1780,11.85,2.963145
1780,11.9,2.94783
1780,11.95,2.93131
1780,12,2.91479
1780,12.05,2.90119
1780,12.1,2.88759
1780,12.15,2.8835
1780,12.2,2.87941
1780,12.25,2.89304
1780,12.3,2.90667
1780,12.35,2.944665
1780,12.4,2.98266
1780,12.45,3.04491
1780,12.5,3.10716
1780,12.55,3.184395
1780,12.6,3.26163
1780,12.65,3.339815
1780,12.7,3.418
1780,12.75,3.48595
1780,12.8,3.5539
1780,12.85,3.607685
1780,12.9,3.66147
1780,12.95,3.70368
1780,13,3.74589
1780,13.05,3.782735
1780,13.1,3.81958
1780,13.15,3.858925
1780,13.2,3.89827
1780,13.25,3.94959
1780,13.3,4.00091
1780,13.35,4.073695
1780,13.4,4.14648
1780,13.45,4.24334
1780,13.5,4.3402
1780,13.55,4.45449
1780,13.6,4.56878
1780,13.65,4.691595
1780,13.7,4.81441
1780,13.75,4.93747
1780,13.8,5.06053
1780,13.85,5.175105
1780,13.9,5.28968
1780,13.95,5.387275
1780,14,5.48487
1780,14.05,5.558275
1780,14.1,5.63168
1780,14.15,5.676885
1780,14.2,5.72209
1780,14.25,5.741885
1780,14.3,5.76168
1780,14.35,5.772715
1780,14.4,5.78375
1780,14.45,5.806915
1780,14.5,5.83008
1780,14.55,5.86832
1780,14.6,5.90656
1780,14.65,5.94868
1780,14.7,5.9908
1780,14.75,6.026495
1780,14.8,6.06219
1780,14.85,6.085875
1780,14.9,6.10956
1780,14.95,6.11945
1780,15,6.12934
1780,15.05,6.12494
1780,15.1,6.12054
1780,15.15,6.104315
1780,15.2,6.08809
1780,15.25,6.070665
1780,15.3,6.05324
1780,15.35,6.048295
1780,15.4,6.04335
1780,15.45,6.05368
1780,15.5,6.06401
1780,15.55,6.080885
1780,15.6,6.09776
1780,15.65,6.11281
1780,15.7,6.12786
1780,15.75,6.14014
1780,15.8,6.15242
1780,15.85,6.16811
1780,15.9,6.1838
1780,15.95,6.210815
1780,16,6.23783
1780,16.05,6.278875
1780,16.1,6.31992
1780,16.15,6.37134
1780,16.2,6.42276
1780,16.25,6.47918
1780,16.3,6.5356
1780,16.35,6.593735
1780,16.4,6.65187
1780,16.45,6.710985
1780,16.5,6.7701
1780,16.55,6.829675
1780,16.6,6.88925
1780,16.65,6.94608
1780,16.7,7.00291
1780,16.75,7.0516
1780,16.8,7.10029
1780,16.85,7.137045
1780,16.9,7.1738
1780,16.95,7.19853
1780,17,7.22326
1780,17.05,7.238335
1780,17.1,7.25341
1780,17.15,7.26245
1780,17.2,7.27149
1780,17.25,7.279885
1780,17.3,7.28828
1780,17.35,7.30307
1780,17.4,7.31786
1780,17.45,7.34539
1780,17.5,7.37292
1780,17.55,7.416475
1780,17.6,7.46003
1780,17.65,7.519195
1780,17.7,7.57836
1780,17.75,7.64909
1780,17.8,7.71982
1780,17.85,7.794145
1780,17.9,7.86847
1780,17.95,7.93434
1780,18,8.00021
1780,18.05,8.04304
1780,18.1,8.08587
1780,18.15,8.09438
1780,18.2,8.10289
1780,18.25,8.077525
1780,18.3,8.05216
1780,18.35,8.00643
1780,18.4,7.9607
1780,18.45,7.911805
1780,18.5,7.86291
1780,18.55,7.82194
1780,18.6,7.78097
1780,18.65,7.751195
1780,18.7,7.72142
1780,18.75,7.701595
1780,18.8,7.68177
1780,18.85,7.669285
1780,18.9,7.6568
1780,18.95,7.64922
1780,19,7.64164
1780,19.05,7.63714
1780,19.1,7.63264
1780,19.15,7.630005
1780,19.2,7.62737
1780,19.25,7.625825
1780,19.3,7.62428
1780,19.35,7.623325
1780,19.4,7.62237
1780,19.45,7.621715
1780,19.5,7.62106
1780,19.55,7.6205
1780,19.6,7.61994
1780,19.65,7.619335
1780,19.7,7.61873
1780,19.75,7.618005
1780,19.8,7.61728
1780,19.85,7.61648
1780,19.9,7.61568
1780,19.95,7.615065
1780,20,7.61445
1780,20.05,7.614965
1780,20.1,7.61548
1780,20.15,7.620015
1780,20.2,7.62455
1780,20.25,7.63917
1780,20.3,7.65379
1780,20.35,7.68404
1780,20.4,7.71429
1780,20.45,7.754285
1780,20.5,7.79428
1780,20.55,7.824975
1780,20.6,7.85567
1780,20.65,7.86251
1780,20.7,7.86935
1780,20.75,7.855415
1780,20.8,7.84148
1780,20.85,7.820045
1780,20.9,7.79861
1780,20.95,7.78106
1780,21,7.76351
1780,21.05,7.755335
1780,21.1,7.74716
1780,21.15,7.748795
1780,21.2,7.75043
1780,21.25,7.75864
1780,21.3,7.76685
1780,21.35,7.77742
1780,21.4,7.78799
1780,21.45,7.79924
1780,21.5,7.81049
1780,21.55,7.824175
1780,21.6,7.83786
1780,21.65,7.857175
1780,21.7,7.87649
1780,21.75,7.90422
1780,21.8,7.93195
1780,21.85,7.969855
1780,21.9,8.00776
1780,21.95,8.056495
1780,22,8.10523
1780,22.05,8.16428
1780,22.1,8.22333
1780,22.15,8.290945
1780,22.2,8.35856
1780,22.25,8.431515
1780,22.3,8.50447
1780,22.35,8.57795
1780,22.4,8.65143
1780,22.45,8.71952
1780,22.5,8.78761
1780,22.55,8.84487
1780,22.6,8.90213
1780,22.65,8.945705
1780,22.7,8.98928
1780,22.75,9.019735
1780,22.8,9.05019
1780,22.85,9.07032
1780,22.9,9.09045
1780,22.95,9.103455
1780,23,9.11646
1780,23.05,9.12468
1780,23.1,9.1329
1780,23.15,9.13768
1780,23.2,9.14246
1780,23.25,9.14493
1780,23.3,9.1474
1780,23.35,9.14882
1780,23.4,9.15024
1780,23.45,9.151855
1780,23.5,9.15347
1780,23.55,9.156585
1780,23.6,9.1597
1780,23.65,9.166125
1780,23.7,9.17255
1780,23.75,9.185395
1780,23.8,9.19824
1780,23.85,9.223555
1780,23.9,9.24887
1780,23.95,9.294245
1780,24,9.33962
1780,24.05,9.406605
1780,24.1,9.47359
1780,24.15,9.5564
1780,24.2,9.63921
1780,24.25,9.73215
1780,24.3,9.82509
1780,24.35,9.922125
1780,24.4,10.01916
1780,24.45,10.11035
1780,24.5,10.20154
1780,24.55,10.27801
1780,24.6,10.35448
1780,24.65,10.413725
1780,24.7,10.47297
1780,24.75,10.517925
1780,24.8,10.56288
1780,24.85,10.598675
1780,24.9,10.63447
1780,24.95,10.667105
1780,25,10.69974
1780,25.05,10.73687
1780,25.1,10.774
1780,25.15,10.822315
1780,25.2,10.87063
1780,25.25,10.929185
1780,25.3,10.98774
1780,25.35,11.047355
1780,25.4,11.10697
1780,25.45,11.15771
1780,25.5,11.20845
1780,25.55,11.245345
1780,25.6,11.28224
1780,25.65,11.305
1780,25.7,11.32776
1780,25.75,11.337955
1780,25.8,11.34815
1780,25.85,11.347085
1780,25.9,11.34602
1780,25.95,11.33329
1780,26,11.32056
1780,26.05,11.293075
1780,26.1,11.26559
1780,26.15,11.2209
1780,26.2,11.17621
1780,26.25,11.118425
1780,26.3,11.06064
1780,26.35,11.00024
1780,26.4,10.93984
1780,26.45,10.887725
1780,26.5,10.83561
1780,26.55,10.79821
1780,26.6,10.76081
1780,26.65,10.738245
1780,26.7,10.71568
1780,26.75,10.70373
1780,26.8,10.69178
1780,26.85,10.68586
1780,26.9,10.67994
1780,26.95,10.67706
1780,27,10.67418
1780,27.05,10.672755
1780,27.1,10.67133
1780,27.15,10.67058
1780,27.2,10.66983
1780,27.25,10.66936
1780,27.3,10.66889
1780,27.35,10.668505
1780,27.4,10.66812
1780,27.45,10.66771
1780,27.5,10.6673
1780,27.55,10.66675
1780,27.6,10.6662
1780,27.65,10.66535
1780,27.7,10.6645
1780,27.75,10.66316
1780,27.8,10.66182
1780,27.85,10.65972
1780,27.9,10.65762
1780,27.95,10.654675
1780,28,10.65173
1780,28.05,10.648895
1780,28.1,10.64606
1780,28.15,10.64505
1780,28.2,10.64404
1780,28.25,10.645425
1780,28.3,10.64681
1780,28.35,10.649525
1780,28.4,10.65224
1780,28.45,10.65502
1780,28.5,10.6578
1780,28.55,10.660085
1780,28.6,10.66237
1780,28.65,10.664145
1780,28.7,10.66592
1780,28.75,10.66744
1780,28.8,10.66896
1780,28.85,10.670595
1780,28.9,10.67223
1780,28.95,10.67447
1780,29,10.67671
1780,29.05,10.6803
1780,29.1,10.68389
1780,29.15,10.69
1780,29.2,10.69611
1780,29.25,10.70639
1780,29.3,10.71667
1780,29.35,10.734055
1780,29.4,10.75144
1780,29.45,10.78179
1780,29.5,10.81214
1780,29.55,10.860925
1780,29.6,10.90971
1780,29.65,10.974755
1780,29.7,11.0398
1780,29.75,11.110605
1780,29.8,11.18141
1780,29.85,11.245435
1780,29.9,11.30946
1780,29.95,11.35781
1780,30,11.40616
1780,30.05,11.43544
1780,30.1,11.46472
1780,30.15,11.47494
1780,30.2,11.48516
1780,30.25,11.47553
1780,30.3,11.4659
1780,30.35,11.433095
1780,30.4,11.40029
1780,30.45,11.34359
1780,30.5,11.28689
1780,30.55,11.214145
1780,30.6,11.1414
1780,30.65,11.065845
1780,30.7,10.99029
1780,30.75,10.922885
1780,30.8,10.85548
1780,30.85,10.80334
1780,30.9,10.7512
1780,30.95,10.718255
1780,31,10.68531
1780,31.05,10.66976
1780,31.1,10.65421
1780,31.15,10.64917
1780,31.2,10.64413
1780,31.25,10.642955
1780,31.3,10.64178
1780,31.35,10.64087
1780,31.4,10.63996
1780,31.45,10.63758
1780,31.5,10.6352
1780,31.55,10.631065
1780,31.6,10.62693
1780,31.65,10.622955
1780,31.7,10.61898
1780,31.75,10.61789
1780,31.8,10.6168
1780,31.85,10.61944
1780,31.9,10.62208
1780,31.95,10.62709
1780,32,10.6321
1780,32.05,10.637495
1780,32.1,10.64289
1780,32.15,10.647405
1780,32.2,10.65192
1780,32.25,10.65517
1780,32.3,10.65842
1780,32.35,10.660545
1780,32.4,10.66267
1780,32.45,10.66399
1780,32.5,10.66531
1780,32.55,10.666135
1780,32.6,10.66696
1780,32.65,10.66746
1780,32.7,10.66796
1780,32.75,10.66823
1780,32.8,10.6685
1780,32.85,10.66866
1780,32.9,10.66882
1780,32.95,10.66895
1780,33,10.66908
1780,33.05,10.66917
1780,33.1,10.66926
1780,33.15,10.66929
1780,33.2,10.66932
1780,33.25,10.66929
1780,33.3,10.66926
1780,33.35,10.669205
1780,33.4,10.66915
1780,33.45,10.66907
1780,33.5,10.66899
1780,33.55,10.66887
1780,33.6,10.66875
1780,33.65,10.668545
1780,33.7,10.66834
1780,33.75,10.66799
1780,33.8,10.66764
1780,33.85,10.667015
1780,33.9,10.66639
1780,33.95,10.665295
1780,34,10.6642
1780,34.05,10.662285
1780,34.1,10.66037
1780,34.15,10.65707
1780,34.2,10.65377
1780,34.25,10.64819
1780,34.3,10.64261
1780,34.35,10.63338
1780,34.4,10.62415
1780,34.45,10.609325
1780,34.5,10.5945
1780,34.55,10.572265
1780,34.6,10.55003
1780,34.65,10.520215
1780,34.7,10.4904
1780,34.75,10.45501
1780,34.8,10.41962
1780,34.85,10.382665
1780,34.9,10.34571
1780,34.95,10.313715
1780,35,10.28172
1780,35.05,10.263005
1780,35.1,10.24429
1780,35.15,10.24643
1780,35.2,10.24857
1780,35.25,10.27647
1780,35.3,10.30437
1780,35.35,10.359615
1780,35.4,10.41486
1780,35.45,10.495435
1780,35.5,10.57601
1780,35.55,10.67562
1780,35.6,10.77523
1780,35.65,10.885585
1780,35.7,10.99594
1780,35.75,11.11008
1780,35.8,11.22422
1780,35.85,11.335135
1780,35.9,11.44605
1780,35.95,11.54525
1780,36,11.64445
1780,36.05,11.723135
1780,36.1,11.80182
1780,36.15,11.85199
1780,36.2,11.90216
1780,36.25,11.91821
1780,36.3,11.93426
1780,36.35,11.91582
1780,36.4,11.89738
1780,36.45,11.85467
1780,36.5,11.81196
1780,36.55,11.761155
1780,36.6,11.71035
1780,36.65,11.660465
1780,36.7,11.61058
1780,36.75,11.564165
1780,36.8,11.51775
1780,36.85,11.476515
1780,36.9,11.43528
1780,36.95,11.400315
1780,37,11.36535
1780,37.05,11.33735
1780,37.1,11.30935
1780,37.15,11.288845
1780,37.2,11.26834
1780,37.25,11.25579
1780,37.3,11.24324
1780,37.35,11.239165
1780,37.4,11.23509
1780,37.45,11.24013
1780,37.5,11.24517
1780,37.55,11.26008
1780,37.6,11.27499
1780,37.65,11.300215
1780,37.7,11.32544
1780,37.75,11.359415
1780,37.8,11.39339
1780,37.85,11.43049
1780,37.9,11.46759
1780,37.95,11.499965
1780,38,11.53234
1780,38.05,11.55544
1780,38.1,11.57854
1780,38.15,11.59333
1780,38.2,11.60812
1780,38.25,11.61838
1780,38.3,11.62864
1780,38.35,11.637985
1780,38.4,11.64733
1780,38.45,11.6585
1780,38.5,11.66967
1780,38.55,11.68575
1780,38.6,11.70183
1780,38.65,11.72516
1780,38.7,11.74849
1780,38.75,11.775675
1780,38.8,11.80286
1780,38.85,11.82381
1780,38.9,11.84476
1780,38.95,11.85065
1780,39,11.85654
1780,39.05,11.849945
1780,39.1,11.84335
1780,39.15,11.838485
1780,39.2,11.83362
1780,39.25,11.842595
1780,39.3,11.85157
1780,39.35,11.87203
1780,39.4,11.89249
1780,39.45,11.91143
1780,39.5,11.93037
1780,39.55,11.9352
1780,39.6,11.94003
1780,39.65,11.92356
1780,39.7,11.90709
1780,39.75,11.86768
1780,39.8,11.82827
1780,39.85,11.770615
1780,39.9,11.71296
1780,39.95,11.648055
1780,40,11.58315
1780,40.05,11.524985
1780,40.1,11.46682
1780,40.15,11.427905
1780,40.2,11.38899
1780,40.25,11.377985
1780,40.3,11.36698
1780,40.35,11.388375
1780,40.4,11.40977
1780,40.45,11.464
1780,40.5,11.51823
1780,40.55,11.60139
1780,40.6,11.68455
1780,40.65,11.787245
1780,40.7,11.88994
1780,40.75,12.00093
1780,40.8,12.11192
1780,40.85,12.224185
1780,40.9,12.33645
1780,40.95,12.445615
1780,41,12.55478
1780,41.05,12.65602
1780,41.1,12.75726
1780,41.15,12.84546
1780,41.2,12.93366
1780,41.25,13.00362
1780,41.3,13.07358
1780,41.35,13.12014
1780,41.4,13.1667
1780,41.45,13.184965
1780,41.5,13.20323
1780,41.55,13.188945
1780,41.6,13.17466
1780,41.65,13.12493
1780,41.7,13.0752
1780,41.75,12.989875
1780,41.8,12.90455
1780,41.85,12.78895
1780,41.9,12.67335
1780,41.95,12.543525
1780,42,12.4137
1780,42.05,12.28774
1780,42.1,12.16178
1780,42.15,12.043845
1780,42.2,11.92591
1780,42.25,11.81246
1780,42.3,11.69901
1780,42.35,11.58827
1780,42.4,11.47753
1780,42.45,11.36865
1780,42.5,11.25977
1780,42.55,11.15232
1780,42.6,11.04487
1780,42.65,10.938655
1780,42.7,10.83244
1780,42.75,10.72736
1780,42.8,10.62228
1780,42.85,10.518285
1780,42.9,10.41429
1780,42.95,10.31136
1780,43,10.20843
1780,43.05,10.10655
1780,43.1,10.00467
1780,43.15,9.90384
1780,43.2,9.80301
1780,43.25,9.703225
1780,43.3,9.60344
1780,43.35,9.504695
1780,43.4,9.40595
1780,43.45,9.30825
1780,43.5,9.21055
1780,43.55,9.113895
1780,43.6,9.01724
1780,43.65,8.921625
1780,43.7,8.82601
1780,43.75,8.731435
1780,43.8,8.63686
1780,43.85,8.54333
1780,43.9,8.4498
1780,43.95,8.357305
1780,44,8.26481
1780,44.05,8.173355
1780,44.1,8.0819
1780,44.15,7.99148
1780,44.2,7.90106
1780,44.25,7.811665
1780,44.3,7.72227
1780,44.35,7.63389
1780,44.4,7.54551
1780,44.45,7.45812
1780,44.5,7.37073
1780,44.55,7.28428
1780,44.6,7.19783
1780,44.65,7.11226
1780,44.7,7.02669
1780,44.75,6.94186
1780,44.8,6.85703
1780,44.85,6.772715
1780,44.9,6.6884
1780,44.95,6.60424
1780,45,6.52008
1780,45.05,6.435465
1780,45.1,6.35085
1780,45.15,6.26485
1780,45.2,6.17885
1780,45.25,6.09013
1780,45.3,6.00141
1780,45.35,5.90829
1780,45.4,5.81517
1780,45.45,5.71626
1780,45.5,5.61735
1780,45.55,5.513185
1780,45.6,5.40902
1780,45.65,5.304025
1780,45.7,5.19903
1780,45.75,5.10064
1780,45.8,5.00225
1780,45.85,4.91621
1780,45.9,4.83017
1780,45.95,4.756275
1780,46,4.68238
1780,46.05,4.612745
1780,46.1,4.54311
1780,46.15,4.462445
1780,46.2,4.38178
1780,46.25,4.276215
1780,46.3,4.17065
1780,46.35,4.043045
1780,46.4,3.91544
1780,46.45,3.785085
1780,46.5,3.65473
1780,46.55,3.53932
1780,46.6,3.42391
1780,46.65,3.327795
1780,46.7,3.23168
1780,46.75,3.1466
1780,46.8,3.06152
1780,46.85,2.97022
1780,46.9,2.87892
1780,46.95,2.76546
1780,47,2.652
1780,47.05,2.517525
1780,47.1,2.38305
1780,47.15,2.24561
1780,47.2,2.10817
1780,47.25,1.9849
1780,47.3,1.86163
1780,47.35,1.757965
1780,47.4,1.6543
1780,47.45,1.56757
1780,47.5,1.48084
1780,47.55,1.405895
1780,47.6,1.33095
1780,47.65,1.26162
1780,47.7,1.19229
1780,47.75,1.122065
1780,47.8,1.05184
1780,47.85,0.97574
1780,47.9,0.89964
1780,47.95,0.81637
1780,48,0.7331
1780,48.05,0.646425
1780,48.1,0.55975
1780,48.15,0.477055
1780,48.2,0.39436
1780,48.25,0.32201
1780,48.3,0.24966
1780,48.35,0.194105
1780,48.4,0.13855
1780,48.45,0.069275
1780,48.5,0
1780,48.55,0
1780,48.6,0
1780,48.65,0
1780,48.7,0
1780,48.75,0
1780,48.8,0
1780,48.85,0
1780,48.9,0
1780,48.95,0
1780,49,0
1780,49.05,0
1780,49.1,0
1780,49.15,0
1780,49.2,0
1780,49.25,0
1780,49.3,0
1780,49.35,0
1780,49.4,0
1780,49.45,0
1780,49.5,0
1780,49.55,0
1780,49.6,0
1780,49.65,0
1780,49.7,0
1780,49.75,0
1780,49.8,0
1780,49.85,0
1780,49.9,0
1780,49.95,0
1780,50,0
1780,50.05,0
1780,50.1,0
1780,50.15,0
1780,50.2,0
1780,50.25,0
1780,50.3,0
1780,50.35,0
1780,50.4,0
1780,50.45,0
1780,50.5,0
1780,50.55,0
1780,50.6,0
1780,50.65,0
1780,50.7,0
1780,50.75,0
1780,50.8,0
1780,50.85,0
1780,50.9,0
1780,50.95,0
1780,51,0
1780,51.05,0
1780,51.1,0
1780,51.15,0
1780,51.2,0
1780,51.25,0
1780,51.3,0
1780,51.35,0
1780,51.4,0
1780,51.45,0
1780,51.5,0
1780,51.55,0
1780,51.6,0
1780,51.65,0
1780,51.7,0
1780,51.75,0.056355
1780,51.8,0.11271
1780,51.85,0.159135
1780,51.9,0.20556
1780,51.95,0.26952
1780,52,0.33348
1780,52.05,0.409795
1780,52.1,0.48611
1780,52.15,0.56202
1780,52.2,0.63793
1780,52.25,0.70022
1780,52.3,0.76251
1780,52.35,0.81213
1780,52.4,0.86175
1780,52.45,0.90546
1780,52.5,0.94917
1780,52.55,0.990365
1780,52.6,1.03156
1780,52.65,1.07194
1780,52.7,1.11232
1780,52.75,1.15274
1780,52.8,1.19316
1780,52.85,1.234025
1780,52.9,1.27489
1780,52.95,1.316375
1780,53,1.35786
1780,53.05,1.400045
1780,53.1,1.44223
1780,53.15,1.48512
1780,53.2,1.52801
1780,53.25,1.571585
1780,53.3,1.61516
1780,53.35,1.659385
1780,53.4,1.70361
1780,53.45,1.748445
1780,53.5,1.79328
1780,53.55,1.838675
1780,53.6,1.88407
1780,53.65,1.929985
1780,53.7,1.9759
1780,53.75,2.02228
1780,53.8,2.06866
1780,53.85,2.115475
1780,53.9,2.16229
1780,53.95,2.209515
1780,54,2.25674
1780,54.05,2.30439
1780,54.1,2.35204
1780,54.15,2.400185
1780,54.2,2.44833
1780,54.25,2.497175
1780,54.3,2.54602
1780,54.35,2.596015
1780,54.4,2.64601
1780,54.45,2.69817
1780,54.5,2.75033
1780,54.55,2.803405
1780,54.6,2.85648
1780,54.65,2.90708
1780,54.7,2.95768
1780,54.75,3.008775
1780,54.8,3.05987
1780,54.85,3.12108
1780,54.9,3.18229
1780,54.95,3.258755
1780,55,3.33522
1780,55.05,3.424395
1780,55.1,3.51357
1780,55.15,3.61147
1780,55.2,3.70937
1780,55.25,3.81038
1780,55.3,3.91139
1780,55.35,4.005445
1780,55.4,4.0995
1780,55.45,4.17699
1780,55.5,4.25448
1780,55.55,4.311565
1780,55.6,4.36865
1780,55.65,4.407005
1780,55.7,4.44536
1780,55.75,4.469225
1780,55.8,4.49309
1780,55.85,4.50682
1780,55.9,4.52055
1780,55.95,4.52774
1780,56,4.53493
1780,56.05,4.538645
1780,56.1,4.54236
1780,56.15,4.546235
1780,56.2,4.55011
1780,56.25,4.56133
1780,56.3,4.57255
1780,56.35,4.60363
1780,56.4,4.63471
1780,56.45,4.695675
1780,56.5,4.75664
1780,56.55,4.842215
1780,56.6,4.92779
1780,56.65,5.019035
1780,56.7,5.11028
1780,56.75,5.189175
1780,56.8,5.26807
1780,56.85,5.32474
1780,56.9,5.38141
1780,56.95,5.412375
1780,57,5.44334
1780,57.05,5.45007
1780,57.1,5.4568
1780,57.15,5.44668
1780,57.2,5.43656
190,0,6.118
190,0,6.118
190,0,6.118
190,0,6.118
190,0,6.118
190,0,6.118
190,0,6.118
190,0,6.118
190,0,6.118
190,0,6.118
190,0,6.118
190,0,6.118
190,0,6.118
190,0,6.118
190,0,6.118
190,0,6.118
190,0,6.118
190,0,6.118
190,0,6.118
190,0,6.118
190,0,6.118
190,0,6.118
190,0,6.118
190,0,6.118
190,0,6.118
190,0,6.118
190,0,6.118
190,0,6.118
190,0,6.118
190,0,6.118
190,0,6.118
190,0,6.118
190,0,6.118
190,0,6.118
190,0,6.118
190,0,6.118
190,0,6.118
190,0,6.118
190,0,6.118
190,0,6.118
190,0,6.118
190,0,6.118
190,0,6.118
190,0,6.118
190,0,6.118
190,0,6.118
190,0,6.118
190,0,6.118
190,0,6.118
190,0,6.118
190,0,6.118
190,0,6.118
190,0,6.118
190,0,6.118
190,0,6.118
190,0,6.118
190,0,6.118
190,0,6.118
190,0,6.118
190,0,6.118
190,0,6.118
190,0,6.118
190,0,6.118
190,0,6.118
190,0,6.118
190,0,6.118
190,0,6.118
190,0,6.118
190,0,6.118
190,0,6.118
190,0,6.118
190,0,6.118
190,0,6.118
190,0,6.118
190,0,6.118
190,0,6.118
190,0,6.118
190,0,6.118
190,0,6.118
190,0,6.118
190,0,6.118
190,0,6.118
190,0,6.118
190,0,6.118
190,0,6.118
190,0,6.118
190,0,6.118
190,0,6.118
190,0,6.118
190,0,6.118
190,0,6.118
190,0,6.118
190,0,6.118
190,0,6.118
190,0,6.118
190,0,6.118
190,0,6.118
190,0,6.118
190,0,6.118
190,0,6.118
190,0,6.118
190,0,6.118
190,0,6.118
190,0,6.118
190,0,6.118
190,0,6.118
190,0,6.118
190,0,6.118
190,0,6.118
190,0,6.118
190,0,6.118
190,0,6.118
190,0,6.118
190,0,6.118
190,0,6.118
190,0,6.118
190,0,6.118
190,0,6.118
190,0,6.118
190,0,6.118
190,0,6.118
190,0,6.118
190,0,6.118
190,0,6.118
190,0,6.118
190,0,6.118
190,0,6.118
190,0,6.118
190,0,6.118
190,0,6.118
190,0,6.118
190,0,6.118
190,0,6.118
190,0,6.118
190,0,6.118
190,0,6.118
190,0,6.118
190,0,6.118
190,0,6.118
190,0,6.118
190,0,6.118
190,0,6.118
190,0,6.118
190,0,6.118
190,0,6.118
190,0,6.118
190,0,6.118
190,0,6.118
190,0,6.118
190,0,6.118
190,0,6.118
190,0,6.118
190,0,6.118
190,0,6.118
190,0,6.118
190,0,6.118
190,0,6.118
190,0,6.118
190,0,6.118
190,0,6.118
190,0,6.118
190,0,6.118
190,0,6.118
190,0,6.118
190,0,6.118
190,0,6.118
190,0,6.118
190,0,6.118
190,0,6.118
190,0,6.118
190,0,6.118
190,0,6.118
190,0,6.118
190,0,6.118
190,0,6.118
190,0,6.118
190,0,6.118
190,0,6.118
190,0,6.118
190,0,6.118
190,0,6.118
190,0,6.118
190,0,6.118
190,0,6.118
190,0,6.118
190,0,6.118
190,0,6.118
190,0,6.118
190,0,6.118
190,0,6.118
190,0,6.118
190,0,6.118
190,0,6.118
190,0,6.118
190,0,6.118
190,0,6.118
190,0,6.118
190,0,6.118
190,0,6.118
190,0,6.118
190,0,6.118
190,0,6.118
190,0,6.118
190,0,6.118
190,0,6.118
190,0,6.118
190,0,6.118
190,0,6.118
190,0,6.118
190,0,6.118
190,0,6.118
190,0,6.118
190,0,6.118
190,0,6.118
190,0,6.118
190,0,6.118
190,0,6.118
190,0,6.118
190,0,6.118
190,0,6.118
190,0,6.118
190,0,6.118
190,0,6.118
190,0,6.118
190,0,6.118
190,0,6.118
190,0,6.118
190,0,6.118
190,0,6.118
190,0,6.118
190,0,6.118
190,0,6.118
190,0,6.118
190,0,6.118
190,0,6.118
190,0,6.118
190,0,6.118
190,0,6.118
190,0,6.118
190,0,6.118
190,0,6.118
190,0,6.118
190,0,6.118
190,0,6.118
190,0,6.118
190,0,6.118
190,0,6.118
190,0,6.118
190,0,6.118
190,0,6.118
190,0,6.118
190,0,6.118
190,0,6.118
190,0,6.118
190,0,6.118
190,0,6.118
190,0,6.118
190,0,6.118
190,0,6.118
190,0,6.118
190,0,6.118
190,0,6.118
190,0,6.118
190,0,6.118
190,0,6.118
190,0,6.118
190,0,6.118
190,0,6.118
190,0,6.118
190,0,6.118
190,0,6.118
190,0,6.118
190,0,6.118
190,0,6.118
190,0,6.118
190,0,6.118
190,0,6.118
190,0,6.118
190,0,6.118
190,0,6.118
190,0,6.118
190,0,6.118
190,0,6.118
190,0,6.118
190,0,6.118
190,0,6.118
190,0,6.118
190,0,6.118
190,0,6.118
190,0,6.118
190,0,6.118
190,0,6.118
190,0,6.118
190,0,6.118
190,0,6.118
190,0,6.118
190,0,6.118
190,0,6.118
190,0,6.118
190,0,6.118
190,0,6.118
190,0,6.118
190,0,6.118
190,0,6.118
190,0,6.118
190,0,6.118
190,0,6.118
190,0,6.118
190,0,6.118
190,0,6.118
190,0,6.118
190,0,6.118
190,0,6.118
190,0,6.118
190,0,6.118
190,0,6.118
190,0,6.118
190,0,6.118
190,0,6.118
190,0,6.118
190,0,6.118
190,0,6.118
190,0,6.118
190,0,6.118
190,0,6.118
190,0,6.118
190,0,6.118
190,0,6.118
190,0,6.118
190,0,6.118
190,0,6.118
190,0,6.118
190,0,6.118
190,0,6.118
190,0,6.118
190,0,6.118
190,0,6.118
190,0,6.118
190,0,6.118
190,0,6.118
190,0,6.118
190,0,6.118
190,0,6.118
190,0,6.118
190,0,6.118
190,0,6.118
190,0,6.118
190,0,6.118
190,0,6.118
190,0,6.118
190,0,6.118
190,0,6.118
190,0,6.118
190,0,6.118
190,0,6.118
190,0,6.118
190,0,6.118
190,0,6.118
190,0,6.118
190,0,6.118
190,0,6.118
190,0,6.118
190,0,6.118
190,0,6.118
190,0,6.118
190,0,6.118
190,0,6.118
190,0,6.118
190,0,6.118
190,0,6.118
190,0,6.118
190,0,6.118
190,0,6.118
190,0,6.118
190,0,6.118
190,0,6.118
190,0,6.118
190,0,6.118
190,0,6.118
190,0,6.118
190,0,6.118
190,0,6.118
190,0,6.118
190,0,6.118
190,0,6.118
190,0,6.118
190,0,6.118
190,0,6.118
190,0,6.118
190,0,6.118
190,0,6.118
190,0,6.118
190,0,6.118
190,0,6.118
190,0,6.118
190,0,6.118
190,0,6.118
190,0,6.118
190,0,6.118
190,0,6.118
190,0,6.118
190,0,6.118
190,0,6.118
190,0,6.118
190,0,6.118
190,0,6.118
190,0,6.118
190,0,6.118
190,0,6.118
190,0,6.118
190,0,6.118
190,0,6.118
190,0,6.118
190,0,6.118
190,0,6.118
190,0,6.118
190,0,6.118
190,0,6.118
190,0,6.118
190,0,6.118
190,0,6.118
190,0,6.118
190,0,6.118
190,0,6.118
190,0,6.118
190,0,6.118
190,0,6.118
190,0,6.118
190,0,6.118
190,0,6.118
190,0,6.118
190,0,6.118
190,0,6.118
190,0,6.118
190,0,6.118
190,0,6.118
190,0,6.118
190,0,6.118
190,0,6.118
190,0,6.118
190,0,6.118
190,0,6.118
190,0,6.118
190,0,6.118
190,0,6.118
190,0,6.118
190,0,6.118
190,0,6.118
190,0,6.118
190,0,6.118
190,0,6.118
190,0,6.118
190,0,6.118
190,0,6.118
190,0,6.118
190,0,6.118
190,0,6.118
190,0,6.118
190,0,6.118
190,0,6.118
190,0,6.118
190,0,6.118
190,0,6.118
190,0,6.118
190,0,6.118
190,0,6.118
190,0,6.118
190,0,6.118
190,0,6.118
190,0,6.118
190,0,6.118
190,0,6.118
190,0,6.118
190,0,6.118
190,0,6.118
190,0,6.118
190,0,6.118
190,0,6.118
190,0,6.118
190,0,6.118
190,0,6.118
190,0,6.118
190,0,6.118
190,0,6.118
190,0,6.118
190,0,6.118
190,0,6.118
190,0,6.118
190,0,6.118
190,0,6.118
190,0,6.118
190,0,6.118
190,0,6.118
190,0,6.118
190,0,6.118
190,0,6.118
190,0,6.118
190,0,6.118
190,0,6.118
190,0,6.118
190,0,6.118
190,0,6.118
190,0,6.118
190,0,6.118
190,0,6.118
190,0,6.118
190,0,6.118
190,0,6.118
190,0,6.118
190,0,6.118
190,0,6.118
190,0,6.118
190,0,6.118
190,0,6.118
190,0,6.118
190,0,6.118
190,0,6.118
190,0,6.118
190,0,6.118
190,0,6.118
190,0,6.118
190,0,6.118
190,0,6.118
190,0,6.118
190,0,6.118
190,0,6.118
190,0,6.118
190,0,6.118
190,0,6.118
190,0,6.118
190,0,6.118
190,0,6.118
190,0,6.118
190,0,6.118
190,0,6.118
190,0,6.118
190,0,6.118
190,0,6.118
190,0,6.118
190,0,6.118
190,0,6.118
190,0,6.118
190,0,6.118
190,0,6.118
190,0,6.118
190,0,6.118
190,0,6.118
190,0,6.118
190,0,6.118
190,0,6.118
190,0,6.118
190,0,6.118
190,0,6.118
190,0,6.118
190,0,6.118
190,0,6.118
190,0,6.118
190,0,6.118
190,0,6.118
190,0,6.118
190,0,6.118
190,0,6.118
190,0,6.118
190,0,6.118
190,0,6.118
190,0,6.118
190,0,6.118
190,0,6.118
190,0,6.118
190,0,6.118
190,0,6.118
190,0,6.118
190,0,6.118
190,0,6.118
190,0,6.118
190,0,6.118
190,0,6.118
190,0,6.118
190,0,6.118
190,0,6.118
190,0,6.118
190,0,6.118
190,0,6.118
190,0,6.118
190,0,6.118
190,0,6.118
190,0,6.118
190,0,6.118
190,0,6.118
190,0,6.118
190,0,6.118
190,0,6.118
190,0,6.118
190,0,6.118
190,0,6.118
190,0,6.118
190,0,6.118
190,0,6.118
190,0,6.118
190,0,6.118
190,0,6.118
190,0,6.118
190,0,6.118
190,0,6.118
190,0,6.118
190,0,6.118
190,0,6.118
190,0,6.118
190,0,6.118
190,0,6.118
190,0,6.118
190,0,6.118
190,0,6.118
190,0,6.118
190,0,6.118
190,0,6.118
190,0,6.118
190,0,6.118
190,0,6.118
190,0,6.118
190,0,6.118
190,0,6.118
190,0,6.118
190,0,6.118
190,0,6.118
190,0,6.118
190,0,6.118
190,0,6.118
190,0,6.118
190,0,6.118
190,0,6.118
190,0,6.118
190,0,6.118
190,0,6.118
190,0,6.118
190,0,6.118
190,0,6.118
190,0,6.118
190,0,6.118
190,0,6.118
190,0,6.118
190,0,6.118
190,0,6.118
190,0,6.118
190,0,6.118
190,0,6.118
190,0,6.118
190,0,6.118
190,0,6.118
190,0,6.118
190,0,6.118
190,0,6.118
190,0,6.118
190,0,6.118
190,0,6.118
190,0,6.118
190,0,6.118
190,0,6.118
190,0,6.118
190,0,6.118
190,0,6.118
190,0,6.118
190,0,6.118
190,0,6.118
190,0,6.118
190,0,6.118
190,0,6.118
190,0,6.118
190,0,6.118
190,0,6.118
190,0,6.118
190,0,6.118
190,0,6.118
190,0,6.118
190,0,6.118
190,0,6.118
190,0,6.118
190,0,6.118
190,0,6.118
190,0,6.118
190,0,6.118
190,0,6.118
190,0,6.118
190,0,6.118
190,0,6.118
190,0,6.118
190,0,6.118
190,0,6.118
190,0,6.118
190,0,6.118
190,0,6.118
190,0,6.118
190,0,6.118
190,0,6.118
190,0,6.118
190,0,6.118
190,0,6.118
190,0,6.118
190,0,6.118
190,0,6.118
190,0,6.118
190,0,6.118
190,0,6.118
190,0,6.118
190,0,6.118
190,0,6.118
190,0,6.118
190,0,6.118
190,0,6.118
190,0,6.118
190,0,6.118
190,0,6.118
190,0,6.118
190,0,6.118
190,0,6.118
190,0,6.118
190,0,6.118
190,0,6.118
190,0,6.118
190,0,6.118
190,0,6.118
190,0,6.118
190,0,6.118
190,0,6.118
190,0,6.118
190,0,6.118
190,0,6.118
190,0,6.118
190,0,6.118
190,0,6.118
190,0,6.118
190,0,6.118
190,0,6.118
190,0,6.118
190,0,6.118
190,0,6.118
190,0,6.118
190,0,6.118
190,0,6.118
190,0,6.118
190,0,6.118
190,0,6.118
190,0,6.118
190,0,6.118
190,0,6.118
190,0,6.118
190,0,6.118
190,0,6.118
190,0,6.118
190,0,6.118
190,0,6.118
190,0,6.118
190,0,6.118
190,0,6.118
190,0,6.118
190,0,6.118
190,0,6.118
190,0,6.118
190,0,6.118
190,0,6.118
190,0,6.118
190,0,6.118
190,0,6.118
190,0,6.118
190,0,6.118
190,0,6.118
190,0,6.118
190,0,6.118
190,0,6.118
190,0,6.118
190,0,6.118
190,0,6.118
190,0,6.118
190,0,6.118
190,0,6.118
190,0,6.118
190,0,6.118
190,0,6.118
190,0,6.118
190,0,6.118
190,0,6.118
190,0,6.118
190,0,6.118
190,0,6.118
190,0,6.118
190,0,6.118
190,0,6.118
190,0,6.118
190,0,6.118
190,0,6.118
190,0,6.118
190,0,6.118
190,0,6.118
190,0,6.118
190,0,6.118
190,0,6.118
190,0,6.118
190,0,6.118
190,0,6.118
190,0,6.118
190,0,6.118
190,0,6.118
190,0,6.118
190,0,6.118
190,0,6.118
190,0,6.118
190,0,6.118
190,0,6.118
190,0,6.118
190,0,6.118
190,0,6.118
190,0,6.118
190,0,6.118
190,0,6.118
190,0,6.118
190,0,6.118
190,0,6.118
190,0,6.118
190,0,6.118
190,0,6.118
190,0,6.118
190,0,6.118
190,0,6.118
190,0,6.118
190,0,6.118
190,0,6.118
190,0,6.118
190,0,6.118
190,0,6.118
190,0,6.118
190,0,6.118
190,0,6.118
190,0,6.118
190,0,6.118
190,0,6.118
190,0,6.118
190,0,6.118
190,0,6.118
190,0,6.118
190,0,6.118
190,0,6.118
190,0,6.118
190,0,6.118
190,0,6.118
190,0,6.118
190,0,6.118
190,0,6.118
190,0,6.118
190,0,6.118
190,0,6.118
190,0,6.118
190,0,6.118
190,0,6.118
190,0,6.118
190,0,6.118
190,0,6.118
190,0,6.118
190,0,6.118
190,0,6.118
190,0,6.118
190,0,6.118
190,0,6.118
190,0,6.118
190,0,6.118
190,0,6.118
190,0,6.118
190,0,6.118
190,0,6.118
190,0,6.118
190,0,6.118
190,0,6.118
190,0,6.118
190,0,6.118
190,0,6.118
190,0,6.118
190,0,6.118
190,0,6.118
190,0,6.118
190,0,6.118
190,0,6.118
190,0,6.118
190,0,6.118
190,0,6.118
190,0,6.118
190,0,6.118
190,0,6.118
190,0,6.118
190,0,6.118
190,0,6.118
190,0,6.118
190,0,6.118
190,0,6.118
190,0,6.118
190,0,6.118
190,0,6.118
190,0,6.118
190,0,6.118
190,0,6.118
190,0,6.118
190,0,6.118
190,0,6.118
190,0,6.118
190,0,6.118
190,0,6.118
190,0,6.118
190,0,6.118
190,0,6.118
190,0,6.118
190,0,6.118
190,0,6.118
190,0,6.118
190,0,6.118
190,0,6.118
190,0,6.118
190,0,6.118
190,0,6.118
190,0,6.118
190,0,6.118
190,0,6.118
190,0,6.118
190,0,6.118
190,0,6.118
190,0,6.118
190,0,6.118
190,0,6.118
190,0,6.118
190,0,6.118
190,0,6.118
190,0,6.118
190,0,6.118
190,0,6.118
190,0,6.118
190,0,6.118
190,0,6.118
190,0,6.118
190,0,6.118
190,0,6.118
190,0,6.118
190,0,6.118
190,0,6.118
190,0,6.118
190,0,6.118
190,0,6.118
190,0,6.118
190,0,6.118
190,0,6.118
190,0,6.118
190,0,6.118
190,0,6.118
190,0,6.118
190,0,6.118
190,0,6.118
190,0,6.118
190,0,6.118
190,0,6.118
190,0,6.118
190,0,6.118
190,0,6.118
190,0,6.118
190,0,6.118
190,0,6.118
190,0,6.118
190,0,6.118
190,0,6.118
190,0,6.118
190,0,6.118
190,0,6.118
190,0,6.118
190,0,6.118
190,0,6.118
190,0,6.118
190,0,6.118
190,0,6.118
190,0,6.118
190,0,6.118
190,0,6.118
190,0,6.118
190,0,6.118
190,0,6.118
190,0,6.118
190,0,6.118
190,0,6.118
190,0,6.118
190,0,6.118
190,0,6.118
190,0,6.118
190,0,6.118
190,0,6.118
190,0,6.118
190,0,6.118
190,0,6.118
190,0,6.118
190,0,6.118
190,0,6.118
190,0,6.118
190,0,6.118
190,0,6.118
190,0,6.118
190,0,6.118
190,0,6.118
190,0,6.118
190,0,6.118
190,0,6.118
190,0,6.118
190,0,6.118
190,0,6.118
190,0,6.118
190,0,6.118
190,0,6.118
190,0,6.118
190,0,6.118
190,0,6.118
190,0,6.118
190,0,6.118
190,0,6.118
190,0,6.118
190,0,6.118
190,0,6.118
190,0,6.118
190,0,6.118
190,0,6.118
190,0,6.118
190,0,6.118
190,0,6.118
190,0,6.118
190,0,6.118
190,0,6.118
190,0,6.118
190,0,6.118
190,0,6.118
190,0,6.118
190,0,6.118
190,0,6.118
190,0,6.118
190,0,6.118
190,0,6.118
190,0,6.118
190,0,6.118
190,0,6.118
190,0,6.118
190,0,6.118
190,0,6.118
190,0,6.118
190,0,6.118
190,0,6.118
190,0,6.118
190,0,6.118
190,0,6.118
190,0,6.118
190,0,6.118
190,0,6.118
190,0,6.118
190,0,6.118
190,0,6.118
190,0,6.118
190,0,6.118
190,0,6.118
190,0,6.118
190,0,6.118
190,0,6.118
190,0,6.118
190,0,6.118
190,0,6.118
190,0,6.118
190,0,6.118
190,0,6.118
190,0,6.118
190,0,6.118
190,0,6.118
190,0,6.118
190,0,6.118
190,0,6.118
190,0,6.118
190,0,6.118
190,0,6.118
190,0,6.118
190,0,6.118
190,0,6.118
190,0,6.118
190,0,6.118
190,0,6.118
190,0,6.118
190,0,6.118
190,0,6.118
190,0,6.118
190,0,6.118
190,0,6.118
190,0,6.118
190,0,6.118
190,0,6.118
190,0,6.118
190,0,6.118
190,0,6.118
190,0,6.118
190,0,6.118
190,0,6.118
190,0,6.118
190,0,6.118
190,0,6.118
190,0,6.118
190,0,6.118
190,0,6.118
190,0,6.118
190,0,6.118
190,0,6.118
190,0,6.118
190,0,6.118
190,0,6.118
190,0,6.118
190,0,6.118
190,0,6.118
190,0,6.118
190,0,6.118
190,0,6.118
190,0,6.118
190,0,6.118
190,0,6.118
190,0,6.118
190,0,6.118
190,0,6.118
190,0,6.118
190,0,6.118
190,0,6.118
190,0,6.118
190,0,6.118
362,0,4.59963
362,0.05,4.59452
362,0.1,4.58941
362,0.15,4.569315
362,0.2,4.54922
362,0.25,4.51927
362,0.3,4.48932
362,0.35,4.44407
362,0.4,4.39882
362,0.45,4.33377
362,0.5,4.26872
362,0.55,4.180545
362,0.6,4.09237
362,0.65,3.979245
362,0.7,3.86612
362,0.75,3.728255
362,0.8,3.59039
362,0.85,3.430535
362,0.9,3.27068
362,0.95,3.09466
362,1,2.91864
362,1.05,2.73586
362,1.1,2.55308
362,1.15,2.376855
362,1.2,2.20063
362,1.25,2.048365
362,1.3,1.8961
362,1.35,1.78264
362,1.4,1.66918
362,1.45,1.59829
362,1.5,1.5274
362,1.55,1.49537
362,1.6,1.46334
362,1.65,1.46648
362,1.7,1.46962
362,1.75,1.50706
362,1.8,1.5445
362,1.85,1.6165
362,1.9,1.6885
362,1.95,1.79029
362,2,1.89208
362,2.05,2.013435
362,2.1,2.13479
362,2.15,2.26672
362,2.2,2.39865
362,2.25,2.534975
362,2.3,2.6713
362,2.35,2.806215
362,2.4,2.94113
362,2.45,3.06837
362,2.5,3.19561
362,2.55,3.30814
362,2.6,3.42067
362,2.65,3.510925
362,2.7,3.60118
362,2.75,3.6619
362,2.8,3.72262
362,2.85,3.74885
362,2.9,3.77508
362,2.95,3.7683
362,3,3.76152
362,3.05,3.738015
362,3.1,3.71451
362,3.15,3.695535
362,3.2,3.67656
362,3.25,3.66704
362,3.3,3.65752
362,3.35,3.652765
362,3.4,3.64801
362,3.45,3.645625
362,3.5,3.64324
362,3.55,3.64207
362,3.6,3.6409
362,3.65,3.640365
362,3.7,3.63983
362,3.75,3.63965
362,3.8,3.63947
362,3.85,3.639455
362,3.9,3.63944
362,3.95,3.63946
362,4,3.63948
362,4.05,3.63949
362,4.1,3.6395
362,4.15,3.639535
362,4.2,3.63957
362,4.25,3.63971
362,4.3,3.63985
362,4.35,3.64024
362,4.4,3.64063
362,4.45,3.641595
362,4.5,3.64256
362,4.55,3.64494
362,4.6,3.64732
362,4.65,3.65265
362,4.7,3.65798
362,4.75,3.66803
362,4.8,3.67808
362,4.85,3.69359
362,4.9,3.7091
362,4.95,3.728665
362,5,3.74823
362,5.05,3.768515
362,5.1,3.7888
362,5.15,3.80634
362,5.2,3.82388
362,5.25,3.83678
362,5.3,3.84968
362,5.35,3.858015
362,5.4,3.86635
362,5.45,3.87131
362,5.5,3.87627
362,5.55,3.879135
362,5.6,3.882
362,5.65,3.88364
362,5.7,3.88528
362,5.75,3.8862
362,5.8,3.88712
362,5.85,3.88762
362,5.9,3.88812
362,5.95,3.888365
362,6,3.88861
362,6.05,3.88873
362,6.1,3.88885
362,6.15,3.88892
362,6.2,3.88899
362,6.25,3.88906
362,6.3,3.88913
362,6.35,3.88921
362,6.4,3.88929
362,6.45,3.88936
362,6.5,3.88943
362,6.55,3.889485
362,6.6,3.88954
362,6.65,3.889585
362,6.7,3.88963
362,6.75,3.889675
362,6.8,3.88972
362,6.85,3.889775
362,6.9,3.88983
362,6.95,3.889915
362,7,3.89
362,7.05,3.890155
362,7.1,3.89031
362,7.15,3.890575
362,7.2,3.89084
362,7.25,3.89132
362,7.3,3.8918
362,7.35,3.892645
362,7.4,3.89349
362,7.45,3.89496
362,7.5,3.89643
362,7.55,3.898855
362,7.6,3.90128
362,7.65,3.904895
362,7.7,3.90851
362,7.75,3.91299
362,7.8,3.91747
362,7.85,3.92152
362,7.9,3.92557
362,7.95,3.92751
362,8,3.92945
362,8.05,3.928585
362,8.1,3.92772
362,8.15,3.92513
362,8.2,3.92254
362,8.25,3.920395
362,8.3,3.91825
362,8.35,3.91861
362,8.4,3.91897
362,8.45,3.923415
362,8.5,3.92786
362,8.55,3.938245
362,8.6,3.94863
362,8.65,3.968095
362,8.7,3.98756
362,8.75,4.02127
362,8.8,4.05498
362,8.85,4.10976
362,8.9,4.16454
362,8.95,4.245765
362,9,4.32699
362,9.05,4.433165
362,9.1,4.53934
362,9.15,4.66216
362,9.2,4.78498
362,9.25,4.91565
362,9.3,5.04632
362,9.35,5.177795
362,9.4,5.30927
362,9.45,5.435
362,9.5,5.56073
362,9.55,5.67443
362,9.6,5.78813
362,9.65,5.884005
362,9.7,5.97988
362,9.75,6.05327
362,9.8,6.12666
362,9.85,6.17542
362,9.9,6.22418
362,9.95,6.251545
362,10,6.27891
362,10.05,6.29911
362,10.1,6.31931
362,10.15,6.348255
362,10.2,6.3772
362,10.25,6.41476
362,10.3,6.45232
362,10.35,6.488865
362,10.4,6.52541
362,10.45,6.55421
362,10.5,6.58301
362,10.55,6.601535
362,10.6,6.62006
362,10.65,6.62968
362,10.7,6.6393
362,10.75,6.643775
362,10.8,6.64825
362,10.85,6.65158
362,10.9,6.65491
362,10.95,6.65946
362,11,6.66401
362,11.05,6.66988
362,11.1,6.67575
362,11.15,6.681795
362,11.2,6.68784
362,11.25,6.693245
362,11.3,6.69865
362,11.35,6.703705
362,11.4,6.70876
362,11.45,6.7146
362,11.5,6.72044
362,11.55,6.728765
362,11.6,6.73709
362,11.65,6.75043
362,11.7,6.76377
362,11.75,6.786065
362,11.8,6.80836
362,11.85,6.84517
362,11.9,6.88198
362,11.95,6.939035
362,12,6.99609
362,12.05,7.075795
362,12.1,7.1555
362,12.15,7.25364
362,12.2,7.35178
362,12.25,7.45757
362,12.3,7.56336
362,12.35,7.663055
362,12.4,7.76275
362,12.45,7.8448
362,12.5,7.92685
362,12.55,7.9861
362,12.6,8.04535
362,12.65,8.0837
362,12.7,8.12205
362,12.75,8.145155
362,12.8,8.16826
362,12.85,8.181725
362,12.9,8.19519
362,12.95,8.202925
362,13,8.21066
362,13.05,8.214985
362,13.1,8.21931
362,13.15,8.22161
362,13.2,8.22391
362,13.25,8.224985
362,13.3,8.22606
362,13.35,8.2263
362,13.4,8.22654
362,13.45,8.225915
362,13.5,8.22529
362,13.55,8.223355
362,13.6,8.22142
362,13.65,8.21697
362,13.7,8.21252
362,13.75,8.202655
362,13.8,8.19279
362,13.85,8.17209
362,13.9,8.15139
362,13.95,8.11336
362,14,8.07533
362,14.05,8.016615
362,14.1,7.9579
362,14.15,7.882285
362,14.2,7.80667
362,14.25,7.72504
362,14.3,7.64341
362,14.35,7.568865
362,14.4,7.49432
362,14.45,7.43621
362,14.5,7.3781
362,14.55,7.3394
362,14.6,7.3007
362,14.65,7.27952
362,14.7,7.25834
362,14.75,7.25145
362,14.8,7.24456
362,14.85,7.25013
362,14.9,7.2557
362,14.95,7.27343
362,15,7.29116
362,15.05,7.32009
362,15.1,7.34902
362,15.15,7.385385
362,15.2,7.42175
362,15.25,7.46026
362,15.3,7.49877
362,15.35,7.536685
362,15.4,7.5746
362,15.45,7.613305
362,15.5,7.65201
362,15.55,7.69398
362,15.6,7.73595
362,15.65,7.78135
362,15.7,7.82675
362,15.75,7.873785
362,15.8,7.92082
362,15.85,7.96756
362,15.9,8.0143
362,15.95,8.0583
362,16,8.1023
362,16.05,8.14002
362,16.1,8.17774
362,16.15,8.206585
362,16.2,8.23543
362,16.25,8.255755
362,16.3,8.27608
362,16.35,8.28992
362,16.4,8.30376
362,16.45,8.31197
362,16.5,8.32018
362,16.55,8.32171
362,16.6,8.32324
362,16.65,8.316175
362,16.7,8.30911
362,16.75,8.29076
362,16.8,8.27241
362,16.85,8.238865
362,16.9,8.20532
362,16.95,8.15326
362,17,8.1012
362,17.05,8.031915
362,17.1,7.96263
362,17.15,7.88478
362,17.2,7.80693
362,17.25,7.7344
362,17.3,7.66187
362,17.35,7.60692
362,17.4,7.55197
362,17.45,7.518855
362,17.5,7.48574
362,17.55,7.470195
362,17.6,7.45465
362,17.65,7.448715
362,17.7,7.44278
362,17.75,7.439665
362,17.8,7.43655
362,17.85,7.432
362,17.9,7.42745
362,17.95,7.418545
362,18,7.40964
362,18.05,7.394025
362,18.1,7.37841
362,18.15,7.354995
362,18.2,7.33158
362,18.25,7.301675
362,18.3,7.27177
362,18.35,7.23929
362,18.4,7.20681
362,18.45,7.17682
362,18.5,7.14683
362,18.55,7.123285
362,18.6,7.09974
362,18.65,7.0841
362,18.7,7.06846
362,18.75,7.060155
362,18.8,7.05185
362,18.85,7.04971
362,18.9,7.04757
362,18.95,7.051025
362,19,7.05448
362,19.05,7.063665
362,19.1,7.07285
362,19.15,7.087745
362,19.2,7.10264
362,19.25,7.12197
362,19.3,7.1413
362,19.35,7.162205
362,19.4,7.18311
362,19.45,7.201965
362,19.5,7.22082
362,19.55,7.23461
362,19.6,7.2484
362,19.65,7.25553
362,19.7,7.26266
362,19.75,7.262545
362,19.8,7.26243
362,19.85,7.254355
362,19.9,7.24628
362,19.95,7.228715
362,20,7.21115
362,20.05,7.182235
362,20.1,7.15332
362,20.15,7.112565
362,20.2,7.07181
362,20.25,7.021805
362,20.3,6.9718
362,20.35,6.918505
362,20.4,6.86521
362,20.45,6.81594
362,20.5,6.76667
362,20.55,6.726935
362,20.6,6.6872
362,20.65,6.65866
362,20.7,6.63012
362,20.75,6.610855
362,20.8,6.59159
362,20.85,6.578005
362,20.9,6.56442
362,20.95,6.553405
362,21,6.54239
362,21.05,6.53367
362,21.1,6.52495
362,21.15,6.52347
362,21.2,6.52199
362,21.25,6.53757
362,21.3,6.55315
362,21.35,6.594625
362,21.4,6.6361
362,21.45,6.70337
362,21.5,6.77064
362,21.55,6.85207
362,21.6,6.9335
362,21.65,7.011205
362,21.7,7.08891
362,21.75,7.147645
362,21.8,7.20638
362,21.85,7.24049
362,21.9,7.2746
362,21.95,7.28858
362,22,7.30256
362,22.05,7.30503
362,22.1,7.3075
362,22.15,7.304685
362,22.2,7.30187
362,22.25,7.295205
362,22.3,7.28854
362,22.35,7.27544
362,22.4,7.26234
362,22.45,7.237785
362,22.5,7.21323
362,22.55,7.172335
362,22.6,7.13144
362,22.65,7.07337
362,22.7,7.0153
362,22.75,6.946125
362,22.8,6.87695
362,22.85,6.80802
362,22.9,6.73909
362,22.95,6.681445
362,23,6.6238
362,23.05,6.58317
362,23.1,6.54254
362,23.15,6.51869
362,23.2,6.49484
362,23.25,6.484605
362,23.3,6.47437
362,23.35,6.47466
362,23.4,6.47495
362,23.45,6.483505
362,23.5,6.49206
362,23.55,6.506475
362,23.6,6.52089
362,23.65,6.53794
362,23.7,6.55499
362,23.75,6.57116
362,23.8,6.58733
362,23.85,6.600175
362,23.9,6.61302
362,23.95,6.62193
362,24,6.63084
362,24.05,6.636755
362,24.1,6.64267
362,24.15,6.6471
362,24.2,6.65153
362,24.25,6.65595
362,24.3,6.66037
362,24.35,6.666085
362,24.4,6.6718
362,24.45,6.67996
362,24.5,6.68812
362,24.55,6.6993
362,24.6,6.71048
362,24.65,6.72415
362,24.7,6.73782
362,24.75,6.752185
362,24.8,6.76655
362,24.85,6.77916
362,24.9,6.79177
362,24.95,6.800485
362,25,6.8092
362,25.05,6.812675
362,25.1,6.81615
362,25.15,6.81352
362,25.2,6.81089
362,25.25,6.80074
362,25.3,6.79059
362,25.35,6.770255
362,25.4,6.74992
362,25.45,6.71598
362,25.5,6.68204
362,25.55,6.632635
362,25.6,6.58323
362,25.65,6.520935
362,25.7,6.45864
362,25.75,6.39132
362,25.8,6.324
362,25.85,6.261825
362,25.9,6.19965
362,25.95,6.15016
362,26,6.10067
362,26.05,6.06571
362,26.1,6.03075
362,26.15,6.007215
362,26.2,5.98368
362,26.25,5.96644
362,26.3,5.9492
362,26.35,5.9333
362,26.4,5.9174
362,26.45,5.899015
362,26.5,5.88063
362,26.55,5.857585
362,26.6,5.83454
362,26.65,5.807125
362,26.7,5.77971
362,26.75,5.750715
362,26.8,5.72172
362,26.85,5.69509
362,26.9,5.66846
362,26.95,5.64726
362,27,5.62606
362,27.05,5.611225
362,27.1,5.59639
362,27.15,5.586955
362,27.2,5.57752
362,27.25,5.57176
362,27.3,5.566
362,27.35,5.562315
362,27.4,5.55863
362,27.45,5.555885
362,27.5,5.55314
362,27.55,5.550555
362,27.6,5.54797
362,27.65,5.545135
362,27.7,5.5423
362,27.75,5.53934
362,27.8,5.53638
362,27.85,5.533985
362,27.9,5.53159
362,27.95,5.530615
362,28,5.52964
362,28.05,5.530465
362,28.1,5.53129
362,28.15,5.533485
362,28.2,5.53568
362,28.25,5.53831
362,28.3,5.54094
362,28.35,5.5432
362,28.4,5.54546
362,28.45,5.54704
362,28.5,5.54862
362,28.55,5.54961
362,28.6,5.5506
362,28.65,5.55122
362,28.7,5.55184
362,28.75,5.55228
362,28.8,5.55272
362,28.85,5.55314
362,28.9,5.55356
362,28.95,5.55412
362,29,5.55468
362,29.05,5.555635
362,29.1,5.55659
362,29.15,5.558365
362,29.2,5.56014
362,29.25,5.563655
362,29.3,5.56717
362,29.35,5.57444
362,29.4,5.58171
362,29.45,5.59598
362,29.5,5.61025
362,29.55,5.634575
362,29.6,5.6589
362,29.65,5.693585
362,29.7,5.72827
362,29.75,5.769425
362,29.8,5.81058
362,29.85,5.85154
362,29.9,5.8925
362,29.95,5.927235
362,30,5.96197
362,30.05,5.987595
362,30.1,6.01322
362,30.15,6.030045
362,30.2,6.04687
362,30.25,6.056915
362,30.3,6.06696
362,30.35,6.0724
362,30.4,6.07784
362,30.45,6.080175
362,30.5,6.08251
362,30.55,6.082355
362,30.6,6.0822
362,30.65,6.07915
362,30.7,6.0761
362,30.75,6.0688
362,30.8,6.0615
362,30.85,6.04839
362,30.9,6.03528
362,30.95,6.01601
362,31,5.99674
362,31.05,5.973245
362,31.1,5.94975
362,31.15,5.92572
362,31.2,5.90169
362,31.25,5.880645
362,31.3,5.8596
362,31.35,5.84305
362,31.4,5.8265
362,31.45,5.81352
362,31.5,5.80054
362,31.55,5.788595
362,31.6,5.77665
362,31.65,5.7626
362,31.7,5.74855
362,31.75,5.729485
362,31.8,5.71042
362,31.85,5.68471
362,31.9,5.659
362,31.95,5.627445
362,32,5.59589
362,32.05,5.561955
362,32.1,5.52802
362,32.15,5.496395
362,32.2,5.46477
362,32.25,5.43917
362,32.3,5.41357
362,32.35,5.39563
362,32.4,5.37769
362,32.45,5.367575
362,32.5,5.35746
362,32.55,5.355045
362,32.6,5.35263
362,32.65,5.357955
362,32.7,5.36328
362,32.75,5.37619
362,32.8,5.3891
362,32.85,5.40873
362,32.9,5.42836
362,32.95,5.45267
362,33,5.47698
362,33.05,5.5027
362,33.1,5.52842
362,33.15,5.55173
362,33.2,5.57504
362,33.25,5.593015
362,33.3,5.61099
362,33.35,5.622505
362,33.4,5.63402
362,33.45,5.639395
362,33.5,5.64477
362,33.55,5.64453
362,33.6,5.64429
362,33.65,5.638105
362,33.7,5.63192
362,33.75,5.618245
362,33.8,5.60457
362,33.85,5.58122
362,33.9,5.55787
362,33.95,5.52372
362,34,5.48957
362,34.05,5.446545
362,34.1,5.40352
362,34.15,5.35715
362,34.2,5.31078
362,34.25,5.26828
362,34.3,5.22578
362,34.35,5.19289
362,34.4,5.16
362,34.45,5.139055
362,34.5,5.11811
362,34.55,5.108715
362,34.6,5.09932
362,34.65,5.10054
362,34.7,5.10176
362,34.75,5.11393
362,34.8,5.1261
362,34.85,5.15069
362,34.9,5.17528
362,34.95,5.212865
362,35,5.25045
362,35.05,5.298185
362,35.1,5.34592
362,35.15,5.39695
362,35.2,5.44798
362,35.25,5.49422
362,35.3,5.54046
362,35.35,5.57674
362,35.4,5.61302
362,35.45,5.63882
362,35.5,5.66462
362,35.55,5.68212
362,35.6,5.69962
362,35.65,5.71064
362,35.7,5.72166
362,35.75,5.726415
362,35.8,5.73117
362,35.85,5.72915
362,35.9,5.72713
362,35.95,5.71831
362,36,5.70949
362,36.05,5.695075
362,36.1,5.68066
362,36.15,5.663445
362,36.2,5.64623
362,36.25,5.630135
362,36.3,5.61404
362,36.35,5.602605
362,36.4,5.59117
362,36.45,5.585835
362,36.5,5.5805
362,36.55,5.58017
362,36.6,5.57984
362,36.65,5.582085
362,36.7,5.58433
362,36.75,5.58698
362,36.8,5.58963
362,36.85,5.59163
362,36.9,5.59363
362,36.95,5.594825
362,37,5.59602
362,37.05,5.596545
362,37.1,5.59707
362,37.15,5.59704
362,37.2,5.59701
362,37.25,5.59643
362,37.3,5.59585
362,37.35,5.59461
362,37.4,5.59337
362,37.45,5.59119
362,37.5,5.58901
362,37.55,5.58545
362,37.6,5.58189
362,37.65,5.57656
362,37.7,5.57123
362,37.75,5.5646
362,37.8,5.55797
362,37.85,5.552075
362,37.9,5.54618
362,37.95,5.543755
362,38,5.54133
362,38.05,5.543715
362,38.1,5.5461
362,38.15,5.55206
362,38.2,5.55802
362,38.25,5.564895
362,38.3,5.57177
362,38.35,5.577615
362,38.4,5.58346
362,38.45,5.5879
362,38.5,5.59234
362,38.55,5.595865
362,38.6,5.59939
362,38.65,5.602465
362,38.7,5.60554
362,38.75,5.608265
362,38.8,5.61099
362,38.85,5.61299
362,38.9,5.61499
362,38.95,5.61549
362,39,5.61599
362,39.05,5.6139
362,39.1,5.61181
362,39.15,5.605655
362,39.2,5.5995
362,39.25,5.587045
362,39.3,5.57459
362,39.35,5.552255
362,39.4,5.52992
362,39.45,5.492835
362,39.5,5.45575
362,39.55,5.39991
362,39.6,5.34407
362,39.65,5.27018
362,39.7,5.19629
362,39.75,5.11243
362,39.8,5.02857
362,39.85,4.948345
362,39.9,4.86812
362,39.95,4.8044
362,40,4.74068
362,40.05,4.699205
362,40.1,4.65773
362,40.15,4.635805
362,40.2,4.61388
362,40.25,4.60447
362,40.3,4.59506
362,40.35,4.59207
362,40.4,4.58908
362,40.45,4.58959
362,40.5,4.5901
362,40.55,4.5937
362,40.6,4.5973
362,40.65,4.605005
362,40.7,4.61271
362,40.75,4.62686
362,40.8,4.64101
362,40.85,4.665185
362,40.9,4.68936
362,40.95,4.727225
362,41,4.76509
362,41.05,4.81797
362,41.1,4.87085
362,41.15,4.935455
362,41.2,5.00006
362,41.25,5.068335
362,41.3,5.13661
362,41.35,5.199445
362,41.4,5.26228
362,41.45,5.315855
362,41.5,5.36943
362,41.55,5.419375
362,41.6,5.46932
362,41.65,5.528155
362,41.7,5.58699
362,41.75,5.6658
362,41.8,5.74461
362,41.85,5.845715
362,41.9,5.94682
362,41.95,6.063025
362,42,6.17923
362,42.05,6.30117
362,42.1,6.42311
362,42.15,6.54546
362,42.2,6.66781
362,42.25,6.78622
362,42.3,6.90463
362,42.35,7.01292
362,42.4,7.12121
362,42.45,7.212665
362,42.5,7.30412
362,42.55,7.37263
362,42.6,7.44114
362,42.65,7.48268
362,42.7,7.52422
362,42.75,7.53938
362,42.8,7.55454
362,42.85,7.55331
362,42.9,7.55208
362,42.95,7.5482
362,43,7.54432
362,43.05,7.54262
362,43.1,7.54092
362,43.15,7.540215
362,43.2,7.53951
362,43.25,7.539235
362,43.3,7.53896
362,43.35,7.538855
362,43.4,7.53875
362,43.45,7.53866
362,43.5,7.53857
362,43.55,7.53845
362,43.6,7.53833
362,43.65,7.53818
362,43.7,7.53803
362,43.75,7.537845
362,43.8,7.53766
362,43.85,7.53736
362,43.9,7.53706
362,43.95,7.536485
362,44,7.53591
362,44.05,7.534875
362,44.1,7.53384
362,44.15,7.532125
362,44.2,7.53041
362,44.25,7.52782
362,44.3,7.52523
362,44.35,7.521825
362,44.4,7.51842
362,44.45,7.51495
362,44.5,7.51148
362,44.55,7.509275
362,44.6,7.50707
362,44.65,7.50721
362,44.7,7.50735
362,44.75,7.50974
362,44.8,7.51213
362,44.85,7.51559
362,44.9,7.51905
362,44.95,7.522285
362,45,7.52552
362,45.05,7.527905
362,45.1,7.53029
362,45.15,7.53185
362,45.2,7.53341
362,45.25,7.534375
362,45.3,7.53534
362,45.35,7.535905
362,45.4,7.53647
362,45.45,7.536785
362,45.5,7.5371
362,45.55,7.53729
362,45.6,7.53748
362,45.65,7.53762
362,45.7,7.53776
362,45.75,7.537875
362,45.8,7.53799
362,45.85,7.53807
362,45.9,7.53815
362,45.95,7.538195
362,46,7.53824
362,46.05,7.538245
362,46.1,7.53825
362,46.15,7.53823
362,46.2,7.53821
362,46.25,7.53817
362,46.3,7.53813
362,46.35,7.53809
362,46.4,7.53805
362,46.45,7.538055
362,46.5,7.53806
362,46.55,7.53816
362,46.6,7.53826
362,46.65,7.538525
362,46.7,7.53879
362,46.75,7.53937
362,46.8,7.53995
362,46.85,7.54112
362,46.9,7.54229
362,46.95,7.544485
362,47,7.54668
362,47.05,7.550575
362,47.1,7.55447
362,47.15,7.561715
362,47.2,7.56896
362,47.25,7.58383
362,47.3,7.5987
362,47.35,7.628875
362,47.4,7.65905
362,47.45,7.712635
362,47.5,7.76622
362,47.55,7.845575
362,47.6,7.92493
362,47.65,8.02298
362,47.7,8.12103
362,47.75,8.223625
362,47.8,8.32622
362,47.85,8.4182
362,47.9,8.51018
362,47.95,8.581345
362,48,8.65251
362,48.05,8.700685
362,48.1,8.74886
362,48.15,8.778105
362,48.2,8.80735
362,48.25,8.8235
362,48.3,8.83965
362,48.35,8.84734
362,48.4,8.85503
362,48.45,8.857575
362,48.5,8.86012
362,48.55,8.860395
362,48.6,8.86067
362,48.65,8.861155
362,48.7,8.86164
362,48.75,8.863585
362,48.8,8.86553
362,48.85,8.86855
362,48.9,8.87157
362,48.95,8.87427
362,49,8.87697
362,49.05,8.878055
362,49.1,8.87914
362,49.15,8.87781
362,49.2,8.87648
362,49.25,8.871955
362,49.3,8.86743
362,49.35,8.858335
362,49.4,8.84924
362,49.45,8.83317
362,49.5,8.8171
362,49.55,8.79043
362,49.6,8.76376
362,49.65,8.72182
362,49.7,8.67988
362,49.75,8.61848
362,49.8,8.55708
362,49.85,8.478355
362,49.9,8.39963
362,49.95,8.328295
362,50,8.25696
362,50.05,8.223205
362,50.1,8.18945
362,50.15,8.191195
362,50.2,8.19294
362,50.25,8.21306
362,50.3,8.23318
362,50.35,8.262895
362,50.4,8.29261
362,50.45,8.327445
362,50.5,8.36228
362,50.55,8.39994
362,50.6,8.4376
362,50.65,8.476905
362,50.7,8.51621
362,50.75,8.55655
362,50.8,8.59689
362,50.85,8.637935
362,50.9,8.67898
362,50.95,8.72056
362,51,8.76214
362,51.05,8.80415
362,51.1,8.84616
362,51.15,8.88853
362,51.2,8.9309
362,51.25,8.97359
362,51.3,9.01628
362,51.35,9.05925
362,51.4,9.10222
362,51.45,9.145445
362,51.5,9.18867
362,51.55,9.232115
362,51.6,9.27556
362,51.65,9.319205
362,51.7,9.36285
362,51.75,9.40666
362,51.8,9.45047
362,51.85,9.494425
362,51.9,9.53838
362,51.95,9.58245
362,52,9.62652
362,52.05,9.67069
362,52.1,9.71486
362,52.15,9.759115
362,52.2,9.80337
362,52.25,9.847715
362,52.3,9.89206
362,52.35,9.93652
362,52.4,9.98098
362,52.45,10.02565
362,52.5,10.07032
362,52.55,10.1154
362,52.6,10.16048
362,52.65,10.2064
362,52.7,10.25232
362,52.75,10.299945
362,52.8,10.34757
362,52.85,10.398625
362,52.9,10.44968
362,52.95,10.50201
362,53,10.55434
362,53.05,10.599625
362,53.1,10.64491
362,53.15,10.677725
362,53.2,10.71054
362,53.25,10.731775
362,53.3,10.75301
362,53.35,10.7649
362,53.4,10.77679
362,53.45,10.78059
362,53.5,10.78439
362,53.55,10.780335
362,53.6,10.77628
362,53.65,10.763865
362,53.7,10.75145
362,53.75,10.728795
362,53.8,10.70614
362,53.85,10.66944
362,53.9,10.63274
362,53.95,10.57798
362,54,10.52322
362,54.05,10.45069
362,54.1,10.37816
362,54.15,10.296365
362,54.2,10.21457
362,54.25,10.13934
362,54.3,10.06411
362,54.35,10.012715
362,54.4,9.96132
362,54.45,9.94443
362,54.5,9.92754
362,54.55,9.94367
362,54.6,9.9598
362,54.65,9.996285
362,54.7,10.03277
362,54.75,10.073055
362,54.8,10.11334
362,54.85,10.14525
362,54.9,10.17716
362,54.95,10.196865
362,55,10.21657
362,55.05,10.226245
362,55.1,10.23592
362,55.15,10.238315
362,55.2,10.24071
362,55.25,10.236625
362,55.3,10.23254
362,55.35,10.223805
362,55.4,10.21507
362,55.45,10.20833
362,55.5,10.20159
362,55.55,10.206685
362,55.6,10.21178
362,55.65,10.235075
362,55.7,10.25837
362,55.75,10.297615
362,55.8,10.33686
362,55.85,10.38266
362,55.9,10.42846
362,55.95,10.47045
362,56,10.51244
362,56.05,10.544405
362,56.1,10.57637
362,56.15,10.59709
362,56.2,10.61781
362,56.25,10.628925
362,56.3,10.64004
362,56.35,10.643705
362,56.4,10.64737
362,56.45,10.64505
362,56.5,10.64273
362,56.55,10.634715
362,56.6,10.6267
362,56.65,10.612245
362,56.7,10.59779
362,56.75,10.576695
362,56.8,10.5556
362,56.85,10.531005
362,56.9,10.50641
362,56.95,10.485775
362,57,10.46514
362,57.05,10.457
362,57.1,10.44886
362,57.15,10.45705
362,57.2,10.46524
362,57.25,10.485955
362,57.3,10.50667
362,57.35,10.531415
362,57.4,10.55616
362,57.45,10.57757
362,57.5,10.59898
362,57.55,10.614235
362,57.6,10.62949
362,57.65,10.63957
362,57.7,10.64965
362,57.75,10.656875
362,57.8,10.6641
362,57.85,10.6706
362,57.9,10.6771
362,57.95,10.68485
362,58,10.6926
362,58.05,10.703885
362,58.1,10.71517
362,58.15,10.732665
362,58.2,10.75016
362,58.25,10.77575
362,58.3,10.80134
362,58.35,10.83419
362,58.4,10.86704
362,58.45,10.902625
362,58.5,10.93821
362,58.55,10.96971
362,58.6,11.00121
362,58.65,11.022445
362,58.7,11.04368
362,58.75,11.05152
362,58.8,11.05936
362,58.85,11.05495
362,58.9,11.05054
362,58.95,11.039535
362,59,11.02853
362,59.05,11.01902
362,59.1,11.00951
362,59.15,11.00742
362,59.2,11.00533
362,59.25,11.011205
362,59.3,11.01708
362,59.35,11.02761
362,59.4,11.03814
